Front	Back	Tags
<b>Se puede afirmar que los virus:</b><br><br>A. Son entidades celulares.<br>B. Poseen material genético propio.<br>C. Se reproducen por sí mismos.<br>D. Tienen metabolismo propio.<br>	"<b style=""color:green;'>✅ B. Poseen material genético propio.</b><br><br><i>Apariciones: 3 veces (2023, 2024)</i>"	Fermepin2023 Fermepin2024 Frecuente
<b>Es posible observar la interacción entre diferentes tejidos en el nivel de organización:</b><br><br>A. Celular.<br>B. Órgano.<br>C. Sistema.<br>D. Organismo.<br>	"<b style=""color:green;'>✅ B. Órgano.</b><br><br><i>Apariciones: 2 veces (2023, 2024)</i>"	Fermepin2023 Fermepin2024 Repetida
<b>Una de las características de la molécula de ADN es que:</b><br><br>A. Se asocia a la membrana nuclear de las células procariotas.<br>B. Puede estar asociada a proteínas, formando los ribosomas.<br>C. Las dos cadenas que la forman se unen por puentes de hidrógeno.<br>D. Está formada por monómeros llamados monosacáridos.<br>	"<b style=""color:green;'>✅ C. Las dos cadenas que la forman se unen por puentes de hidrógeno.</b><br><br><i>Apariciones: 2 veces (2023, 2024)</i>"	Fermepin2023 Fermepin2024 Repetida
<b>Un $H^{+}$ no difunde libremente a través de la membrana debido a:</b><br><br>A. La ausencia de carga eléctrica.<br>B. Que es una molécula polar.<br>C. Estar rodeado de moléculas de agua y la nube acuosa es grande.<br>D. Que es liposoluble.<br>	"<b style=""color:green;'>✅ C. Estar rodeado de moléculas de agua y la nube acuosa es grande.</b><br><br><i>Apariciones: 2 veces (2023, 2024)</i>"	Fermepin2023 Fermepin2024 Repetida
<b>La teoría celular moderna afirma que:</b><br><br>A. La mínima unidad de vida son las organelas.<br>B. El funcionamiento de un organismo es independiente de la interacción de sus células.<br>C. Se considera a los virus como organismos vivos.<br>D. Toda célula surge de otra célula.<br>	"<b style=""color:green;'>✅ D. Toda célula surge de otra célula.</b><br><br><i>Apariciones: 2 veces (2023, 2024)</i>"	Fermepin2023 Fermepin2024 Repetida
<b>Con respecto al retículo endoplásmico rugoso, se afirma que:</b><br><br>A. Está ausente en células vegetales.<br>B. En células con activa síntesis proteica se encuentra muy desarrollado.<br>C. Es la organela donde se glicosilan los lípidos de las membranas.<br>D. Sintetiza lípidos.<br>	"<b style=""color:green;'>✅ B. En células con activa síntesis proteica se encuentra muy desarrollado.</b><br><br><i>Apariciones: 2 veces (2023, 2024)</i>"	Fermepin2023 Fermepin2024 Repetida
<b>Una característica de los microfilamentos es que:</b><br><br>A. Requieren de GTP para su polimerización.<br>B. Son formados a partir de dos tubulinas.<br>C. Se asocian con dineína y quinesina para el transporte de vesículas y macromoléculas.<br>D. Se clasifican en corticales y transcelulares.<br>	"<b style=""color:green;'>✅ D. Se clasifican en corticales y transcelulares.</b><br><br><i>Apariciones: 2 veces (2023, 2024)</i>"	Fermepin2023 Fermepin2024 Repetida
<b>La fosfatidilcolina se diferencia de un triglicérido en que, el primero:</b><br><br>A. Es un lípido anfipático.<br>B. Posee ácidos grasos unidos al glicerol.<br>C. Se considera una fuente de energía a largo plazo.<br>D. A pH alcalino forma sales de ácidos grasos porque es saponificable.<br>	"<b style=""color:green;'>✅ B. Posee ácidos grasos unidos al glicerol.</b><br><br><i>Apariciones: 2 veces (2023, 2024)</i>"	Fermepin2023 Fermepin2024 Repetida
<b>En relación a los hidratos de carbono de la membrana plasmática, se afirma que:</b><br><br>A. Están unidos al colesterol de la membrana.<br>B. Se ubican en la cara externa de la membrana.<br>C. Forman gangliósidos al asociarse con ceramidas.<br>D. Se localizan sobre ambas caras de la misma.<br>	"<b style=""color:green;'>✅ B. Se ubican en la cara externa de la membrana.</b><br><br><i>Apariciones: 2 veces (2023, 2024)</i>"	Fermepin2023 Fermepin2024 Repetida
<b>Una diferencia entre el almidón y el glucógeno es que:</b><br><br>A. El glucógeno es un homopolisacárido y el almidón un heteropolisacárido.<br>B. Son distintos los organismos que los generan.<br>C. El almidón almacena energía y el glucógeno forma el glucocáliz.<br>D. Son diferentes los monosacáridos que los conforman.<br>	"<b style=""color:green;'>✅ B. Son distintos los organismos que los generan.</b><br><br><i>Apariciones: 2 veces (2023, 2024)</i>"	Fermepin2023 Fermepin2024 Repetida
<b>La función de la dineína en la estructura ciliar es:</b><br><br>A. La regulación del crecimiento del cilio.<br>B. El mantenimiento de la estructura ciliar.<br>C. Asociar la estructura ciliar y el cuerpo basal.<br>D. Participar del movimiento ciliar.<br>	"<b style=""color:green;'>✅ D. Participar del movimiento ciliar.</b><br><br><i>Apariciones: 2 veces (2023, 2024)</i>"	Fermepin2023 Fermepin2024 Repetida
<b>En relación a los monómeros de las proteínas se afirma que:</b><br><br>A. Al unirse forman la estructura 1ria. de la proteína.<br>B. Se encuentran unidos por enlaces fosfodiéster.<br>C. Su combinación se realiza entre el extremo NH2 de uno de ellos y la cadena lateral del siguiente.<br>D. Su molécula posee dos extremos amino terminales (NH2).<br>	"<b style=""color:green;'>✅ A. Al unirse forman la estructura 1ria. de la proteína.</b><br><br><i>Apariciones: 2 veces (2023, 2024)</i>"	Fermepin2023 Fermepin2024 Repetida
<b>Las chaperonas cumplen la función de:</b><br><br>A. Sintetizar ADN.<br>B. Transportar sustancias a través de la membrana.<br>C. Asistir en el plegamiento de las proteínas.<br>D. Proteger el ADN.<br>	"<b style=""color:green;'>✅ C. Asistir en el plegamiento de las proteínas.</b><br><br><i>Apariciones: 2 veces (2023, 2024)</i>"	Fermepin2023 Fermepin2024 Repetida
<b>La ubicación del cromosoma en la célula procarionte es:</b><br><br>A. El nucleoide.<br>B. Íntegramente el núcleo.<br>C. La mitocondria.<br>D. El retículo endoplasmático rugoso.<br>	"<b style=""color:green;'>✅ A. El nucleoide.</b><br><br><i>Apariciones: 2 veces (2023, 2024)</i>"	Fermepin2023 Fermepin2024 Repetida
<b>Las macromoléculas en el citosol de una célula eucariota animal forman estructuras visibles en el microscopio, como:</b><br><br>A. Gránulos de almidón.<br>B. Depósitos de calcio.<br>C. Complejos de proteasas.<br>D. Gotas de grasa.<br>	"<b style=""color:green;'>✅ D. Gotas de grasa.</b><br><br><i>Apariciones: 2 veces (2023, 2024)</i>"	Fermepin2023 Fermepin2024 Repetida
<b>Durante su recorrido, una proteína de exportación atraviesa:</b><br><br>A. El REL, los ribosomas, y finalmente, el Complejo de Golgi.<br>B. El REL, el RER y, por último, el Complejo de Golgi.<br>C. Los ribosomas, el Complejo de Golgi y, por último, el RER.<br>D. Los ribosomas, el RER y, finalmente, el Complejo de Golgi.<br>	"<b style=""color:green;'>✅ D. Los ribosomas, el RER y, finalmente, el Complejo de Golgi.</b><br><br><i>Apariciones: 2 veces (2023, 2024)</i>"	Fermepin2023 Fermepin2024 Repetida
<b>Con relación a la endocitosis, se afirma que:</b><br><br>A. Cuando es mediada por receptores, los mismos se encuentran en la cara externa de la membrana plasmática.<br>B. Se llama fagocitosis cuando ingresan solutos disueltos.<br>C. Puede ser constitutiva o regulada.<br>D. Es la expulsión de una vesícula al espacio extracelular.<br>	"<b style=""color:green;'>✅ A. Cuando es mediada por receptores, los mismos se encuentran en la cara externa de la membrana plasmática.</b><br><br><i>Apariciones: 2 veces (2023, 2024)</i>"	Fermepin2023 Fermepin2024 Repetida
<b>La membrana plasmática de las células vegetales:</b><br><br>A. Está compuesta principalmente por hidratos de carbono.<br>B. Posee proteínas integrales.<br>C. Contiene colesterol.<br>D. Es una monocapa fosfolipídica.<br>	"<b style=""color:green;'>✅ B. Posee proteínas integrales.</b><br><br><i>Apariciones: 2 veces (2023, 2024)</i>"	Fermepin2023 Fermepin2024 Repetida
<b>Para visualizar la estructura interna de una célula de un tejido en un microscopio, la técnica más adecuada es la:</b><br><br>A. Utilización de un microscopio de fuerza atómica (AFM).<br>B. Observación en un microscopio de luz de campo oscuro.<br>C. Tinción con colorantes vitales.<br>D. Preparación de cortes histológicos teñidos.<br>	"<b style=""color:green;'>✅ D. Preparación de cortes histológicos teñidos.</b><br><br><i>Apariciones: 2 veces (2023, 2024)</i>"	Fermepin2023 Fermepin2024 Repetida
<b>Si una célula carece de ATP, en primer lugar se verá afectado:</b><br><br>A. El transporte a través de la bomba de sodio-potasio.<br>B. El ingreso de $\text{CO}_{2}$ a la célula.<br>C. El funcionamiento de los canales iónicos de potasio.<br>D. El transporte de esteroides a través de la membrana.<br>	"<b style=""color:green;'>✅ A. El transporte a través de la bomba de sodio-potasio.</b><br><br><i>Apariciones: 2 veces (2023, 2024)</i>"	Fermepin2023 Fermepin2024 Repetida
<b>La cara interna de la membrana plasmática:</b><br><br>A. Es idéntica a la cara externa en su composición.<br>B. Posee fosfatidilserina y fosfatidiletanolamina.<br>C. Está formada por fosfatidilcolina y esfingomielina.<br>D. Presenta colesterol, el cual no se halla presente en la cara externa.<br>	"<b style=""color:green;'>✅ B. Posee fosfatidilserina y fosfatidiletanolamina.</b><br><br><i>Apariciones: 2 veces (2024)</i>"	Fermepin2024 Repetida
<b>Respecto a la estructura de la molécula de agua, podemos afirmar que:</b><br><br>A. Forma un tripolo.<br>B. Tiene carácter polar.<br>C. Se une a otras moléculas mediante puentes salinos.<br>D. Debido a sus uniones covalentes, no puede disociarse.<br>	"<b style=""color:green;'>✅ B. Tiene carácter polar.</b><br><br><i>Apariciones: 2 veces (2024)</i>"	Fermepin2024 Repetida
<b>Con respecto al colesterol, es correcto decir que se trata de:</b><br><br>A. Un lípido insaponificable.<br>B. Una molécula que presenta una cabeza y una cola apolares.<br>C. Una molécula que aumenta la fluidez de las membranas.<br>D. Un componente de la cara externa de la membrana plasmática de células vegetales.<br>	"<b style=""color:green;'>✅ A. Un lípido insaponificable.</b><br><br><i>Apariciones: 2 veces (2024)</i>"	Fermepin2024 Repetida
<b>Los enlaces glicosídicos se dan entre:</b><br><br>A. Dos moléculas, una glucosa y una proteína.<br>B. Dos monosacáridos.<br>C. Dos lípidos y un azúcar.<br>D. Dos lípidos.<br>	"<b style=""color:green;'>✅ B. Dos monosacáridos.</b><br><br><i>Apariciones: 2 veces (2024)</i>"	Fermepin2024 Repetida
<b>Con respecto al ARN, puede afirmarse que:</b><br><br>A. Está formado por los mismos nucleótidos que el ADN.<br>B. Posee nucleótidos unidos por enlace de tipo fosfodiéster.<br>C. Presenta un extremo 3’ con un fosfato y un extremo 5’ con un OH.<br>D. Al igual que el ADN, es bicatenario.<br>	"<b style=""color:green;'>✅ B. Posee nucleótidos unidos por enlace de tipo fosfodiéster.</b><br><br><i>Apariciones: 2 veces (2024, 2025)</i>"	Fermepin2024 Fermepin2025 Repetida
<b>Las uniones peptídicas se producen entre el grupo:</b><br><br>A. COOH de un aminoácido y el COOH del aminoácido siguiente.<br>B. COOH de un aminoácido y el $NH_{2}$ del aminoácido siguiente.<br>C. COOH de un aminoácido y el residuo lateral del siguiente.<br>D. $$NH_{2}$ de un aminoácido y el $PO_{4}^{3-}$ del aminoácido siguiente.<br>	"<b style=""color:green;'>✅ B. COOH de un aminoácido y el $NH_{2}$ del aminoácido siguiente.</b><br><br><i>Apariciones: 2 veces (2024)</i>"	Fermepin2024 Repetida
<b>Las células eucariotas se caracterizan por:</b><br><br>A. Contener un núcleo definido rodeado de una membrana nuclear.<br>B. Carecer de un sistema de endomembranas.<br>C. Presentar su material genético disperso en el citoplasma.<br>D. Tener una pared celular constituida principalmente por celulosa.<br>	"<b style=""color:green;'>✅ A. Contener un núcleo definido rodeado de una membrana nuclear.</b><br><br><i>Apariciones: 2 veces (2024)</i>"	Fermepin2024 Repetida
<b>El proceso responsable de la digestión final de componentes internos envejecidos de la célula se denomina:</b><br><br>A. Apoptosis.<br>B. Pinocitosis.<br>C. Fagocitosis.<br>D. Autofagia.<br>	"<b style=""color:green;'>✅ D. Autofagia.</b><br><br><i>Apariciones: 2 veces (2024)</i>"	Fermepin2024 Repetida
<b>Tanto el ADN como el ARN:</b><br><br>A. Son bicatenarios.<br>B. Están formados por nucleótidos unidos por enlaces de tipo amida.<br>C. Presentan las mismas bases purínicas.<br>D. Presentan un extremo 5’ con un fosfato y un extremo 3’ con un COOH.<br>	"<b style=""color:green;'>✅ C. Presentan las mismas bases purínicas.</b><br><br><i>Apariciones: 2 veces (2024, 2025)</i>"	Fermepin2024 Fermepin2025 Repetida
<b>Los microtúbulos en las células tienen la función de:</b><br><br>A. Participar en el transporte intracelular de vesículas.<br>B. Almacenar sustancias químicas.<br>C. Mediar la contracción muscular.<br>D. Formar las microvellosidades.<br>	"<b style=""color:green;'>✅ A. Participar en el transporte intracelular de vesículas.</b><br><br><i>Apariciones: 2 veces (2024, 2025)</i>"	Fermepin2024 Fermepin2025 Repetida
<b>Es característica de todo ser vivo:</b><br><br>A. Presentar la capacidad de responder a señales internas o externas.<br>B. La necesidad de obtener nutrientes de otros organismos.<br>C. Ser un organismo procariota.<br>D. Ser un organismo unicelular.<br>	"<b style=""color:green;'>✅ A. Presentar la capacidad de responder a señales internas o externas.</b><br><br><i>Apariciones: 2 veces (2025)</i>"	Fermepin2025 Repetida
<b>En relación a los endosomas, se puede afirmar que:</b><br><br>A. Se encargan de la degradación del material endocitado.<br>B. Poseen receptores de Manosa-6-fosfato en su membrana.<br>C. Contienen catalasa en su interior.<br>D. Son responsables de la O-glicosilación de proteínas.<br>	"<b style=""color:green;'>✅ B. Poseen receptores de Manosa-6-fosfato en su membrana.</b><br><br><i>Apariciones: 2 veces (2025)</i>"	Fermepin2025 Repetida
<b>El ATP es un nucleótido trifosfatado que:</b><br><br>A. Posee guanina en su estructura.<br>B. Tiene por función ser la fuente de energía de la célula.<br>C. Almacena la información genética de la célula.<br>D. Presenta enlaces de baja energía entre sus grupos fosfato.<br>	"<b style=""color:green;'>✅ B. Tiene por función ser la fuente de energía de la célula.</b><br><br><i>Apariciones: 2 veces (2025)</i>"	Fermepin2025 Repetida
<b>Se afirma que el endosoma secundario:</b><br><br>A. Se encuentra cerca de la membrana plasmática.<br>B. Es la organela donde se encuentran el material a digerir y las enzimas hidrolíticas.<br>C. Tiene como unidad funcional al dictiosoma.<br>D. Es responsable de la β-oxidación de ácidos grasos.<br>	"<b style=""color:green;'>✅ B. Es la organela donde se encuentran el material a digerir y las enzimas hidrolíticas.</b><br><br><i>Apariciones: 2 veces (2025)</i>"	Fermepin2025 Repetida
<b>Respecto de los niveles de organización de la materia viva:</b><br><br>A. Los espermatozoides pertenecen al nivel de sistema.<br>B. El útero pertenece al nivel de órgano.<br>C. Las ubiquitinas pertenecen al nivel de célula.<br>D. El núcleo pertenece al nivel de tejido.<br>	"<b style=""color:green;'>✅ B. El útero pertenece al nivel de órgano.</b><br><br><i>Apariciones: 2 veces (2025)</i>"	Fermepin2025 Repetida
<b>Los cultivos celulares primarios se obtienen a partir de:</b><br><br>A. Un cultivo secundario.<br>B. Células transformadas.<br>C. El aislamiento de organelas específicas.<br>D. Un tejido.<br>	"<b style=""color:green;'>✅ D. Un tejido.</b><br><br><i>Apariciones: 2 veces (2025)</i>"	Fermepin2025 Repetida
<b>Una diferencia entre la célula animal y la vegetal es que:</b><br><br>A. Las células animales tienen una pared celular compuesta principalmente de celulosa.<br>B. Las células animales contienen una vacuola central que almacena agua y nutrientes.<br>C. Las células vegetales tienen cloroplastos, que permiten la fotosíntesis.<br>D. Las células vegetales tienen un núcleo más grande que las células animales.<br>	"<b style=""color:green;'>✅ C. Las células vegetales tienen cloroplastos, que permiten la fotosíntesis.</b><br><br><i>Apariciones: 2 veces (2025)</i>"	Fermepin2025 Repetida
<b>El orden de complejidad DECRECIENTE de organización de la materia es:</b><br><br>A. Ecosistema - cardumen - agua - pez - cadmio.<br>B. Comunidad - pulmón - ovocito - ozono - níquel.<br>C. Población - cebra - corazón - xenón - glucosa.<br>D. Biósfera - perro - cerebro - dióxido de carbono - sangre.<br>	"<b style=""color:green;'>✅ B. Comunidad - pulmón - ovocito - ozono - níquel.</b><br><br><i>Apariciones: 2 veces (2025)</i>"	Fermepin2025 Repetida
<b>Los plasmodesmos se caracterizan por:</b><br><br>A. Ser uniones comunicantes en células animales.<br>B. Estar formados por un complejo de claudinas y ocludinas que sellan el espacio intercelular.<br>C. Poseer cadherinas y placas de anclaje asociadas a filamentos intermedios.<br>D. Ser canales que atraviesan la pared celular.<br>	"<b style=""color:green;'>✅ D. Ser canales que atraviesan la pared celular.</b><br><br><i>Apariciones: 2 veces (2025)</i>"	Fermepin2025 Repetida
<b>El movimiento de vesículas a través de los microfilamentos de actina se produce cuando:</b><br><br>A. El extremo fibrilar de la miosina I se une a la actina.<br>B. La cabeza globular de la miosina I interacciona con la actina y la cola fibrilar interactúa con el segmento a transportar.<br>C. Los haces de filamentos de actina se unen a la vesícula a transportar.<br>D. Las nexinas se unen a la actina de los microfilamentos.<br>	"<b style=""color:green;'>✅ B. La cabeza globular de la miosina I interacciona con la actina y la cola fibrilar interactúa con el segmento a transportar.</b><br><br><i>Apariciones: 2 veces (2025)</i>"	Fermepin2025 Repetida
<b>El cromosoma de las células procariotas se ubica en:</b><br><br>A. El núcleo.<br>B. El retículo endoplasmático rugoso.<br>C. El nucleoide.<br>D. La mitocondria.<br>	"<b style=""color:green;'>✅ C. El nucleoide.</b><br><br><i>Apariciones: 1 veces (2023)</i>"	Fermepin2023 Unica
<b>La imposibilidad de un protón para cruzar libremente la membrana se debe a que:</b><br><br>A. Tiene gran liposolubilidad.<br>B. Atrae agua y la nube acuosa es grande.<br>C. Es una molécula polar.<br>D. Es una molécula cargada.<br>	"<b style=""color:green;'>✅ B. Atrae agua y la nube acuosa es grande.</b><br><br><i>Apariciones: 1 veces (2023)</i>"	Fermepin2023 Unica
<b>En relación a los microfilamentos, se afirma que:</b><br><br>A. Se forman a partir de dos tubulinas.<br>B. Se clasifican en corticales y transcelulares.<br>C. Para su polimerización requieren de GTP.<br>D. Se asocian a dineína y quinesina en el transporte de macromoléculas o vesículas.<br>	"<b style=""color:green;'>✅ B. Se clasifican en corticales y transcelulares.</b><br><br><i>Apariciones: 1 veces (2023)</i>"	Fermepin2023 Unica
<b>En las bacterias, la membrana celular:</b><br><br>A. Es una monocapa fosfolipídica.<br>B. Está compuesta principalmente por hidratos de carbono.<br>C. Posee proteínas integrales.<br>D. Contiene colesterol.<br>	"<b style=""color:green;'>✅ C. Posee proteínas integrales.</b><br><br><i>Apariciones: 1 veces (2023)</i>"	Fermepin2023 Unica
<b>Se afirma que los hidratos de carbono de la membrana:</b><br><br>A. Se localizan sobre la cara externa de la membrana.<br>B. Se asocian con el colesterol de membrana.<br>C. Se localizan sobre ambas caras de la membrana plasmática.<br>D. Se asocian con ceramidas para formar gangliósidos.<br>	"<b style=""color:green;'>✅ A. Se localizan sobre la cara externa de la membrana.</b><br><br><i>Apariciones: 1 veces (2023)</i>"	Fermepin2023 Unica
<b>El recorrido de proteínas de exportación implica su paso por:</b><br><br>A. Los ribosomas, el RER y, finalmente, el aparato de Golgi.<br>B. El REL, los ribosomas y, finalmente, el aparato de Golgi.<br>C. Los ribosomas, el aparato de Golgi y, por último, el RER.<br>D. El REL, el RER y, finalmente, el aparato de Golgi.<br>	"<b style=""color:green;'>✅ A. Los ribosomas, el RER y, finalmente, el aparato de Golgi.</b><br><br><i>Apariciones: 1 veces (2023)</i>"	Fermepin2023 Unica
<b>Una característica que comparten las células es:</b><br><br>A. Realizar fotosíntesis con clorofila como proceso principal.<br>B. El uso del ADN como material genético para la herencia.<br>C. Tener un núcleo rodeado por una membrana nuclear.<br>D. Ser capaces de moverse activamente en el medio circundante.<br>	"<b style=""color:green;'>✅ B. El uso del ADN como material genético para la herencia.</b><br><br><i>Apariciones: 1 veces (2023)</i>"	Fermepin2023 Unica
<b>Los tejidos interactúan para formar el nivel de organización:</b><br><br>A. Órgano<br>B. Celular.<br>C. Sistema.<br>D. Organismo.<br>	"<b style=""color:green;'>✅ A. Órgano</b><br><br><i>Apariciones: 1 veces (2023)</i>"	Fermepin2023 Unica
<b>La técnica más adecuada para visualizar en un microscopio la estructura interna de una célula de un tejido incluye:</b><br><br>A. La tinción con colorantes vitales.<br>B. La observación en microscopio de luz de campo oscuro.<br>C. La utilización de un microscopio de fuerza atómica (AFM).<br>D. La preparación de cortes histológicos teñidos.<br>	"<b style=""color:green;'>✅ D. La preparación de cortes histológicos teñidos.</b><br><br><i>Apariciones: 1 veces (2023)</i>"	Fermepin2023 Unica
<b>Respecto a los monómeros de las proteínas, se afirma que:</b><br><br>A. Se encuentran unidos por enlaces fosfodiéster.<br>B. Su molécula posee dos extremos amino terminales ($\text{NH}_{2}$).<br>C. La combinación de los mismos se realiza entre el extremo $\text{NH}_{2}$ de uno de ellos y la cadena lateral del siguiente.<br>D. La unión de éstos establece la estructura 1° de las proteínas.<br>	"<b style=""color:green;'>✅ D. La unión de éstos establece la estructura 1° de las proteínas.</b><br><br><i>Apariciones: 1 veces (2023)</i>"	Fermepin2023 Unica
<b>La función de las chaperonas es contribuir con:</b><br><br>A. La síntesis de ADN.<br>B. El transporte a través de la membrana.<br>C. La protección del ADN.<br>D. El plegamiento de las proteínas.<br>	"<b style=""color:green;'>✅ D. El plegamiento de las proteínas.</b><br><br><i>Apariciones: 1 veces (2023)</i>"	Fermepin2023 Unica
<b>En el citosol de células animales se acumulan macromoléculas formando estructuras detectables en el microscopio óptico como:</b><br><br>A. Gotas de grasa.<br>B. Depósitos de calcio.<br>C. Gránulos de almidón.<br>D. Complejos de proteasas.<br>	"<b style=""color:green;'>✅ A. Gotas de grasa.</b><br><br><i>Apariciones: 1 veces (2023)</i>"	Fermepin2023 Unica
<b>El retículo endoplásmico rugoso se caracteriza por:</b><br><br>A. Sintetizar lípidos.<br>B. Estar muy desarrollado en células con activa síntesis proteica.<br>C. Glicosilar los lípidos de las membranas.<br>D. Estar ausentes en las células vegetales.<br>	"<b style=""color:green;'>✅ B. Estar muy desarrollado en células con activa síntesis proteica.</b><br><br><i>Apariciones: 1 veces (2023)</i>"	Fermepin2023 Unica
<b>Con respecto a la molécula de ADN, se puede afirmar que:</b><br><br>A. Sus dos cadenas están unidas por puentes de hidrógeno.<br>B. Está formada íntegramente por monómeros llamados monosacáridos.<br>C. Se encuentra asociado a la membrana nuclear de células procariotas.<br>D. Puede estar asociada a proteínas, formando los ribosomas.<br>	"<b style=""color:green;'>✅ A. Sus dos cadenas están unidas por puentes de hidrógeno.</b><br><br><i>Apariciones: 1 veces (2023)</i>"	Fermepin2023 Unica
<b>Ante una disminución significativa en la síntesis de ATP, en primer lugar se altera:</b><br><br>A. El movimiento de esteroides a través de la membrana.<br>B. El funcionamiento de los canales iónicos de potasio.<br>C. El pasaje de $\text{CO}_{2}$ al interior de la célula.<br>D. El transporte a través de la bomba de sodio-potasio.<br>	"<b style=""color:green;'>✅ D. El transporte a través de la bomba de sodio-potasio.</b><br><br><i>Apariciones: 1 veces (2023)</i>"	Fermepin2023 Unica
<b>En la estructura ciliar, la función de la dineína es:</b><br><br>A. La asociación entre la estructura ciliar y el cuerpo basal.<br>B. La regulación del crecimiento del cilio.<br>C. Intervenir en el movimiento del cilio.<br>D. El mantenimiento de la estructura ciliar.<br>	"<b style=""color:green;'>✅ C. Intervenir en el movimiento del cilio.</b><br><br><i>Apariciones: 1 veces (2023)</i>"	Fermepin2023 Unica
<b>El almidón y el glucógeno difieren en:</b><br><br>A. Los organismos que los generan.<br>B. Los monosacáridos que los conforman.<br>C. Que uno es un homopolisacárido y otro un heteropolisacárido.<br>D. Sus funciones de almacenamiento de energía.<br>	"<b style=""color:green;'>✅ A. Los organismos que los generan.</b><br><br><i>Apariciones: 1 veces (2023)</i>"	Fermepin2023 Unica
<b>Se afirma que la endocitosis:</b><br><br>A. Puede ser constitutiva o regulada.<br>B. Es la expulsión de una vesícula al espacio extracelular.<br>C. Se llama fagocitosis cuando permite el ingreso de solutos disueltos.<br>D. Es mediada por receptores de la cara externa de la membrana.<br>	"<b style=""color:green;'>✅ D. Es mediada por receptores de la cara externa de la membrana.</b><br><br><i>Apariciones: 1 veces (2023)</i>"	Fermepin2023 Unica
<b>A diferencia de los triglicéridos, la fosfatidilcolina:</b><br><br>A. Almacena energía a largo plazo.<br>B. Es saponificable a pH alcalino, formando sales de ácidos grasos.<br>C. Posee dos ácidos grasos unidos al glicerol.<br>D. Es un lípido anfipático.<br>	"<b style=""color:green;'>✅ C. Posee dos ácidos grasos unidos al glicerol.</b><br><br><i>Apariciones: 1 veces (2023)</i>"	Fermepin2023 Unica
<b>Según la teoría celular moderna:</b><br><br>A. Las organelas son la mínima unidad de vida.<br>B. Los virus son considerados organismos vivos.<br>C. El funcionamiento del organismo es independiente de la interacción entre sus células.<br>D. Toda célula proviene de otra célula.<br>	"<b style=""color:green;'>✅ D. Toda célula proviene de otra célula.</b><br><br><i>Apariciones: 1 veces (2023)</i>"	Fermepin2023 Unica
<b>La capacidad de los seres vivos para responder a un estímulo es la:</b><br><br>A. Irritabilidad.<br>B. Homeostasis.<br>C. Evolución.<br>D. Autopoyesis.<br>	"<b style=""color:green;'>✅ A. Irritabilidad.</b><br><br><i>Apariciones: 1 veces (2024)</i>"	Fermepin2024 Unica
<b>El término anabolismo hace referencia al proceso mediante el cual:</b><br><br>A. Se degradan moléculas complejas a moléculas más simples, consumiéndose energía proveniente del ATP.<br>B. Se degradan moléculas complejas a moléculas más simples, obteniéndose energía en forma de ATP.<br>C. Se sintetizan moléculas complejas a partir de moléculas más simples, consumiéndose energía proveniente del ATP.<br>D. Se sintetizan moléculas complejas a partir de moléculas más simples, obteniéndose energía en forma de ATP.<br>	"<b style=""color:green;'>✅ C. Se sintetizan moléculas complejas a partir de moléculas más simples, consumiéndose energía proveniente del ATP.</b><br><br><i>Apariciones: 1 veces (2024)</i>"	Fermepin2024 Unica
<b>Dentro de las macromoléculas que se acumulan en el citosol de células animales y forman estructurales detectables en el microscopio óptico, se encuentran los:</b><br><br>A. Gránulos de glucógeno.<br>B. Depósitos de calcio.<br>C. Gránulos de almidón.<br>D. Complejos enzimáticos.<br>	"<b style=""color:green;'>✅ A. Gránulos de glucógeno.</b><br><br><i>Apariciones: 1 veces (2024)</i>"	Fermepin2024 Unica
<b>La regulación del equilibrio hidroelectrolítico celular se atribuye:</b><br><br>A. Al líquido intersticial.<br>B. A la permeabilidad de la membrana plasmática.<br>C. A las perforinas.<br>D. Al líquido intracelular.<br>	"<b style=""color:green;'>✅ B. A la permeabilidad de la membrana plasmática.</b><br><br><i>Apariciones: 1 veces (2024)</i>"	Fermepin2024 Unica
<b>Con respecto a los filamentos intermedios, se afirma que:</b><br><br>A. Los laminofilamentos se apoyan sobre ambas caras de la envoltura nuclear formando la lámina nuclear.<br>B. Los filamentos de vimentina están en uñas y pelo.<br>C. Los neurofilamentos convierten al axoplasma en un gel altamente resistente.<br>D. Los tonofilamentos se encuentran en células epiteliales y están formados por desmina.<br>	"<b style=""color:green;'>✅ C. Los neurofilamentos convierten al axoplasma en un gel altamente resistente.</b><br><br><i>Apariciones: 1 veces (2024)</i>"	Fermepin2024 Unica
<b>Una célula con síntesis aumentada de enzimas tendrá muy desarrollado el:</b><br><br>A. Retículo endoplasmático rugoso.<br>B. Peroxisoma.<br>C. Retículo endoplasmático liso.<br>D. Complejo de Golgi.<br>	"<b style=""color:green;'>✅ A. Retículo endoplasmático rugoso.</b><br><br><i>Apariciones: 1 veces (2024)</i>"	Fermepin2024 Unica
<b>El transporte de iones en contra de su gradiente se realiza:</b><br><br>A. Sin gasto de energía por medio de proteínas integrales.<br>B. Mediante un proceso de pinocitosis.<br>C. Con gasto de energía por medio de proteínas.<br>D. A través de acuaporinas.<br>	"<b style=""color:green;'>✅ C. Con gasto de energía por medio de proteínas.</b><br><br><i>Apariciones: 1 veces (2024)</i>"	Fermepin2024 Unica
<b>A nivel estructural, los cilios están formados por:</b><br><br>A. Filamentos de queratina.<br>B. Microtúbulos.<br>C. Filamentos de miosina.<br>D. Microfilamentos de actina.<br>	"<b style=""color:green;'>✅ B. Microtúbulos.</b><br><br><i>Apariciones: 1 veces (2024)</i>"	Fermepin2024 Unica
<b>La glucosa y el almidón se asemejan en que:</b><br><br>A. Están compuestos por carbono, hidrógeno y oxígeno.<br>B. Ambos son compuestos de reserva de energía a largo plazo.<br>C. Son macromoléculas.<br>D. Poseen estructura secundaria ramificada.<br>	"<b style=""color:green;'>✅ A. Están compuestos por carbono, hidrógeno y oxígeno.</b><br><br><i>Apariciones: 1 veces (2024)</i>"	Fermepin2024 Unica
<b>El organoide que produce la O-glicosilación es:</b><br><br>A. El peroxisoma.<br>B. El complejo de Golgi.<br>C. El retículo endoplasmático liso.<br>D. El endosoma.<br>	"<b style=""color:green;'>✅ B. El complejo de Golgi.</b><br><br><i>Apariciones: 1 veces (2024)</i>"	Fermepin2024 Unica
<b>Las células procariotas pertenecen al reino:</b><br><br>A. Protista.<br>B. Vegetal.<br>C. Monera.<br>D. Fungi.<br>	"<b style=""color:green;'>✅ C. Monera.</b><br><br><i>Apariciones: 1 veces (2024)</i>"	Fermepin2024 Unica
<b>En cuanto a los niveles de organización estructural de las proteínas, es correcto afirmar que:</b><br><br>A. La combinación de dos o más polipéptidos representa la estructura primaria de las proteínas.<br>B. Las proteínas globulares resultan de la combinación de hélices alfa.<br>C. La hélice alfa y la hoja plegada B son configuraciones espaciales típicas de la estructura secundaria de la proteína.<br>D. La estructura secundaria está dada por la secuencia de los aminoácidos que forman la cadena proteica.<br>	"<b style=""color:green;'>✅ C. La hélice alfa y la hoja plegada B son configuraciones espaciales típicas de la estructura secundaria de la proteína.</b><br><br><i>Apariciones: 1 veces (2024)</i>"	Fermepin2024 Unica
<b>Entre las siguientes opciones, indique cuál de ellas muestra elementos correspondientes a diferentes niveles de organización de la materia:</b><br><br>A. RE, almidón, plásmido, neurona.<br>B. Micoplasma, lisosoma, peptidoglicano, pulmón.<br>C. Levadura, Complejo de Golgi, mitocondria, ADN.<br>D. Cromosoma, espermatozoide, colesterol, hígado.<br>	"<b style=""color:green;'>✅ B. Micoplasma, lisosoma, peptidoglicano, pulmón.</b><br><br><i>Apariciones: 1 veces (2024)</i>"	Fermepin2024 Unica
<b>Con relación al complejo de Golgi, se afirma que:</b><br><br>A. Está intercomunicado mediante vesículas con el retículo endoplasmático.<br>B. Tiene continuidad con la membrana nuclear externa.<br>C. Se asocia con el retículo endoplasmático por su cara trans.<br>D. Presenta ribosomas adheridos a su membrana.<br>	"<b style=""color:green;'>✅ A. Está intercomunicado mediante vesículas con el retículo endoplasmático.</b><br><br><i>Apariciones: 1 veces (2024)</i>"	Fermepin2024 Unica
<b>Las proteínas que conforman las membranas biológicas se caracterizan por:</b><br><br>A. Asociarse a hidratos de carbono en la cara interna de la membrana.<br>B. Atravesar la membrana denominándose transmembrana.<br>C. Llamarse integrales cuando sobresalen hacia la cara externa o hacia la cara interna.<br>D. Unirse a los extremos hidrofóbicos de los fosfolípidos.<br>	"<b style=""color:green;'>✅ B. Atravesar la membrana denominándose transmembrana.</b><br><br><i>Apariciones: 1 veces (2024)</i>"	Fermepin2024 Unica
<b>Una característica común a todas las células es:</b><br><br>A. Su capacidad para hacer la fotosíntesis y generar su alimento.<br>B. Poseer ribosomas que participan en la síntesis de proteínas.<br>C. Tener un núcleo rodeado por una membrana nuclear.<br>D. Presentar una pared celular rígida que le da soporte estructural.<br>	"<b style=""color:green;'>✅ B. Poseer ribosomas que participan en la síntesis de proteínas.</b><br><br><i>Apariciones: 1 veces (2024)</i>"	Fermepin2024 Unica
<b>En cuanto a la estructura de la chaperona hsp70 se puede afirmar que:</b><br><br>A. Son monoméricas.<br>B. Son poliméricas.<br>C. Son formadas por dímeros de proteínas.<br>D. Son componentes principales de los ribosomas.<br>	"<b style=""color:green;'>✅ A. Son monoméricas.</b><br><br><i>Apariciones: 1 veces (2024)</i>"	Fermepin2024 Unica
<b>Los virus:</b><br><br>A. Se consideran parásitos intracelulares obligados.<br>B. Se observan al microscopio óptico.<br>C. Poseen ribosomas en su interior.<br>D. Están formados por células.<br>	"<b style=""color:green;'>✅ A. Se consideran parásitos intracelulares obligados.</b><br><br><i>Apariciones: 1 veces (2024)</i>"	Fermepin2024 Unica
<b>Como componentes del citosol eucariota podemos encontrar:</b><br><br>A. Al núcleo celular.<br>B. A las mitocondrias.<br>C. A las inclusiones.<br>D. Al ADN.<br>	"<b style=""color:green;'>✅ C. A las inclusiones.</b><br><br><i>Apariciones: 1 veces (2024)</i>"	Fermepin2024 Unica
<b>La asimetría de la membrana plasmática se debe a que:</b><br><br>A. La cara externa y la interna son diferentes.<br>B. Permite el transporte selectivo de moléculas.<br>C. Los fosfolípidos son moléculas anfipáticas.<br>D. Posee una zona hidrofóbica y dos zonas hidrofílicas.<br>	"<b style=""color:green;'>✅ A. La cara externa y la interna son diferentes.</b><br><br><i>Apariciones: 1 veces (2024)</i>"	Fermepin2024 Unica
<b>Con relación a los distintos tipos de filamentos intermedios, se afirma que:</b><br><br>A. Los tonofilamentos se encuentran en células epiteliales y están formados por desmina.<br>B. Los filamentos de queratina convierten al axoplasma en un gel altamente resistente.<br>C. Los laminofilamentos se apoyan sobre la cara interna de la envoltura nuclear formando la lámina nuclear.<br>D. Los filamentos de vimentina están en uñas y pelo.<br>	"<b style=""color:green;'>✅ C. Los laminofilamentos se apoyan sobre la cara interna de la envoltura nuclear formando la lámina nuclear.</b><br><br><i>Apariciones: 1 veces (2024)</i>"	Fermepin2024 Unica
<b>El proceso de O-glicosilación se produce en:</b><br><br>A. El REL.<br>B. El citoplasma.<br>C. Las mitocondrias.<br>D. El complejo de Golgi.<br>	"<b style=""color:green;'>✅ D. El complejo de Golgi.</b><br><br><i>Apariciones: 1 veces (2024)</i>"	Fermepin2024 Unica
<b>El proceso de catabolismo implica:</b><br><br>A. La degradación de moléculas complejas a moléculas más simples, con consumo de energía en forma de ATP.<br>B. La degradación de moléculas complejas a moléculas más simples, obteniéndose energía proveniente de ATP.<br>C. La síntesis de moléculas complejas a partir de moléculas más simples, con obteniéndose energía en forma de ATP.<br>D. La síntesis de moléculas complejas a partir de moléculas más simples, con consumo de energía proveniente de ATP.<br>	"<b style=""color:green;'>✅ B. La degradación de moléculas complejas a moléculas más simples, obteniéndose energía proveniente de ATP.</b><br><br><i>Apariciones: 1 veces (2024)</i>"	Fermepin2024 Unica
<b>Cuando los iones atraviesan la membrana en contra de su gradiente:</b><br><br>A. Lo hacen por medio de proteínas con gasto de energía.<br>B. Utilizan acuaporinas.<br>C. No gastan energía porque lo hacen por pinocitosis.<br>D. Utilizan proteínas periféricas.<br>	"<b style=""color:green;'>✅ A. Lo hacen por medio de proteínas con gasto de energía.</b><br><br><i>Apariciones: 1 veces (2024)</i>"	Fermepin2024 Unica
<b>El reino al que pertenecen los hongos se denomina:</b><br><br>A. Vegetal.<br>B. Protista.<br>C. Fungi.<br>D. Monera.<br>	"<b style=""color:green;'>✅ C. Fungi.</b><br><br><i>Apariciones: 1 veces (2024)</i>"	Fermepin2024 Unica
<b>La membrana plasmática es asimétrica porque:</b><br><br>A. Sus fosfolípidos son anfipáticos.<br>B. Permite el transporte selectivo de moléculas.<br>C. La composición fosfolipídica de la cara externa y la interna son diferentes.<br>D. Posee una zona hidrofóbica y otra hidrofílica.<br>	"<b style=""color:green;'>✅ C. La composición fosfolipídica de la cara externa y la interna son diferentes.</b><br><br><i>Apariciones: 1 veces (2024)</i>"	Fermepin2024 Unica
<b>Una característica propia del complejo del Golgi es:</b><br><br>A. Presentar ribosomas adheridos a su membrana.<br>B. Estar intercomunicado mediante vesículas con el retículo endoplasmático.<br>C. Asociarse con el retículo endoplasmático por su cara trans.<br>D. Tener continuidad con la envoltura nuclear.<br>	"<b style=""color:green;'>✅ B. Estar intercomunicado mediante vesículas con el retículo endoplasmático.</b><br><br><i>Apariciones: 1 veces (2024)</i>"	Fermepin2024 Unica
<b>La función reguladora del equilibrio hidroelectrolítico de la membrana plasmática normal se debe a:</b><br><br>A. Las perforinas.<br>B. La permeabilidad de membrana.<br>C. El líquido intracelular.<br>D. El líquido extracelular.<br>	"<b style=""color:green;'>✅ B. La permeabilidad de membrana.</b><br><br><i>Apariciones: 1 veces (2024)</i>"	Fermepin2024 Unica
<b>Los diferentes niveles de organización de la materia se reflejan en la opción:</b><br><br>A. ADN, complejo de Golgi, mitocondria, levadura.<br>B. Colesterol, cromosoma, espermatozoide, hígado.<br>C. Peptidoglicano, lisosoma, Micoplasma, pulmón.<br>D. Plásmido, almidón, RE, neurona.<br>	"<b style=""color:green;'>✅ C. Peptidoglicano, lisosoma, Micoplasma, pulmón.</b><br><br><i>Apariciones: 1 veces (2024)</i>"	Fermepin2024 Unica
<b>Estructuralmente las chaperonas hsp70:</b><br><br>A. Son polímeros proteicos.<br>B. Son monómeros proteicos.<br>C. Son dímeros proteicos.<br>D. Son componentes principales de los ribosomas.<br>	"<b style=""color:green;'>✅ B. Son monómeros proteicos.</b><br><br><i>Apariciones: 1 veces (2024)</i>"	Fermepin2024 Unica
<b>Las proteínas de las membranas plasmáticas se caracterizan por:</b><br><br>A. Denominarse integrales, cuando se encuentran sobresaliendo hacia la cara externa.<br>B. Encontrarse unidas a los extremos hidrofóbicos de los fosfolípidos.<br>C. Atravesar la bicapa lipídica, denominándose proteínas transmembrana.<br>D. Sobresalir solo hacia la cara interna.<br>	"<b style=""color:green;'>✅ C. Atravesar la bicapa lipídica, denominándose proteínas transmembrana.</b><br><br><i>Apariciones: 1 veces (2024)</i>"	Fermepin2024 Unica
<b>Puede afirmarse que el citosol eucariota contiene:</b><br><br>A. Al material genético (ADN).<br>B. Iones y agua.<br>C. A las mitocondrias.<br>D. Al RE.<br>	"<b style=""color:green;'>✅ B. Iones y agua.</b><br><br><i>Apariciones: 1 veces (2024)</i>"	Fermepin2024 Unica
<b>En su estructura molecular, el ADN contiene:</b><br><br>A. Bases nitrogenadas púricas (A y G) y pirimidínicas (C y T), hexosas (desoxirribosa) y un ácido fosfórico.<br>B. Bases nitrogenadas púricas (A y T) y pirimidínicas (C y G), pentosas y un ácido fosfórico.<br>C. Bases nitrogenadas púricas (U y G) y pirimidínicas (C y T), pentosas (desoxirribosa)  y un ácido fosfórico.<br>D. Bases nitrogenadas púricas (A y G) y pirimidínicas (C y T), pentosas (desoxirribosa) y un ácido fosfórico.<br>	"<b style=""color:green;'>✅ D. Bases nitrogenadas púricas (A y G) y pirimidínicas (C y T), pentosas (desoxirribosa) y un ácido fosfórico.</b><br><br><i>Apariciones: 1 veces (2024)</i>"	Fermepin2024 Unica
<b>Estructuras del citosol eucariota animal fácilmente detectables en el microscopio óptico pueden ser:</b><br><br>A. Gránulos de almidón.<br>B. Depósitos de calcio.<br>C. Gránulos de glucógeno.<br>D. Complejos de proteasas.<br>	"<b style=""color:green;'>✅ C. Gránulos de glucógeno.</b><br><br><i>Apariciones: 1 veces (2024)</i>"	Fermepin2024 Unica
<b>Es característica común a todas las células:</b><br><br>A. Realizar la fotosíntesis y generar su propio alimento.<br>B. Usar el ADN como material genético para la herencia.<br>C. Presentar una pared celular rígida que les proporciona soporte estructural.<br>D. Tener un núcleo rodeado por una membrana nuclear.<br>	"<b style=""color:green;'>✅ B. Usar el ADN como material genético para la herencia.</b><br><br><i>Apariciones: 1 veces (2024)</i>"	Fermepin2024 Unica
<b>La nucleocápside es:</b><br><br>A. El material genético de un retrovirus.<br>B. El conjunto de todos los capsómeros.<br>C. El genoma viral.<br>D. La asociación del genoma viral junto con sus proteínas.<br>	"<b style=""color:green;'>✅ D. La asociación del genoma viral junto con sus proteínas.</b><br><br><i>Apariciones: 1 veces (2024)</i>"	Fermepin2024 Unica
<b>A diferencia de los triglicéridos, los fosfolípidos:</b><br><br>A. Almacenan energía a largo plazo.<br>B. Son saponificables porque a pH alcalino forman sales de ácidos grasos.<br>C. Son lípidos anfipáticos.<br>D. Poseen dos ácidos grasos unidos al glicerol.<br>	"<b style=""color:green;'>✅ D. Poseen dos ácidos grasos unidos al glicerol.</b><br><br><i>Apariciones: 1 veces (2024)</i>"	Fermepin2024 Unica
<b>La capacidad de los seres vivos para mantener el medio interno constante se define como:</b><br><br>A. Irritabilidad.<br>B. Evolución.<br>C. Autopoyesis.<br>D. Homeostasis.<br>	"<b style=""color:green;'>✅ D. Homeostasis.</b><br><br><i>Apariciones: 1 veces (2024)</i>"	Fermepin2024 Unica
<b>Si una célula tiene una producción aumentada de enzimas, tendrá un elevado desarrollo de:</b><br><br>A. Peroxisomas.<br>B. Retículo endoplasmático liso.<br>C. Complejo de Golgi.<br>D. Retículo endoplasmático rugoso.<br>	"<b style=""color:green;'>✅ D. Retículo endoplasmático rugoso.</b><br><br><i>Apariciones: 1 veces (2024)</i>"	Fermepin2024 Unica
<b>La estructura de los cilios está formada por:</b><br><br>A. Filamentos de miosina.<br>B. Microfilamentos de actina.<br>C. Microtúbulos.<br>D. Filamentos de queratina.<br>	"<b style=""color:green;'>✅ C. Microtúbulos.</b><br><br><i>Apariciones: 1 veces (2024)</i>"	Fermepin2024 Unica
<b>Las moléculas que cruzan la membrana por difusión simple son:</b><br><br>A. $$\text{O}_{2}$, ácidos grasos y aminoácidos.<br>B. Glicerol, $\text{H}_{2}\text{O}$ y ácidos grasos.<br>C. $$\text{CO}_{2}$, glucosa y esteroides.<br>D. $$\text{N}_{2}$, iones y urea.<br>	"<b style=""color:green;'>✅ B. Glicerol, $\text{H}_{2}\text{O}$ y ácidos grasos.</b><br><br><i>Apariciones: 1 veces (2024)</i>"	Fermepin2024 Unica
<b>Las proteínas a ser degradadas por el proteasoma deben ser marcadas con:</b><br><br>A. Ubiquitinas.<br>B. Un grupo fosfato.<br>C. Un grupo metilo.<br>D. Carbohidratos.<br>	"<b style=""color:green;'>✅ A. Ubiquitinas.</b><br><br><i>Apariciones: 1 veces (2024)</i>"	Fermepin2024 Unica
<b>Respecto a las características de las proteínas, se afirma que:</b><br><br>A. La secuencia de aminoácidos determina las estructuras secundarias y terciarias.<br>B. Las pentosas presentes en su estructura primaria le confieren sus funciones estructurales en las células.<br>C. Están constituida por aminoácidos unidos por uniones fosfodiéster.<br>D. Presentan dos extremos carboxilo terminales en sus extremos.<br>	"<b style=""color:green;'>✅ A. La secuencia de aminoácidos determina las estructuras secundarias y terciarias.</b><br><br><i>Apariciones: 1 veces (2024)</i>"	Fermepin2024 Unica
<b>Se puede afirmar que, estructuralmente, la chaperona hsp60:</b><br><br>A. Es monomérica.<br>B. Es polimérica.<br>C. Está formada por dímeros de proteínas.<br>D. Es un componente principal de los ribosomas.<br>	"<b style=""color:green;'>✅ B. Es polimérica.</b><br><br><i>Apariciones: 1 veces (2024)</i>"	Fermepin2024 Unica
<b>Las permeasas se diferencian de los canales iónicos, ya que las primeras:</b><br><br>A. Son saturables.<br>B. Tienen una velocidad de transporte más lenta.<br>C. Están formadas por proteínas.<br>D. Facilitan el ingreso de moléculas polares pequeñas no cargadas a la célula.<br>	"<b style=""color:green;'>✅ B. Tienen una velocidad de transporte más lenta.</b><br><br><i>Apariciones: 1 veces (2024)</i>"	Fermepin2024 Unica
<b>Los organismos heterótrofos obtienen su energía mediante:</b><br><br>A. Las biomoléculas ya sintetizadas por los organismos autótrofos.<br>B. El oxígeno generado por la respiración aeróbica.<br>C. Un proceso denominado fotosíntesis.<br>D. La transformación de $\text{CO}_{2}$ y agua en hidratos de carbono simples.<br>	"<b style=""color:green;'>✅ A. Las biomoléculas ya sintetizadas por los organismos autótrofos.</b><br><br><i>Apariciones: 1 veces (2024)</i>"	Fermepin2024 Unica
<b>La sacarosa es un disacárido formado por:</b><br><br>A. D-glucosa y D-glucosa, mediante unión alfa 1-2 glucosídica.<br>B. D-glucosa y D-fructosa, mediante unión alfa 1-2 glucosídica.<br>C. D-glucosa y D-galactosa, mediante unión alfa 1-6 glucosídica.<br>D. D-glucosa y D-fructosa, mediante unión alfa 1-6 glucosídica.<br>	"<b style=""color:green;'>✅ B. D-glucosa y D-fructosa, mediante unión alfa 1-2 glucosídica.</b><br><br><i>Apariciones: 1 veces (2024)</i>"	Fermepin2024 Unica
<b>Si una molécula de ADN doble cadena tiene 100 nucleótidos, de los cuales 20 poseen adeninas como base nitrogenada, entonces tiene:</b><br><br>A. 20 citosinas.<br>B. 30 citosinas.<br>C. 40 citosinas.<br>D. 60 citosinas.<br>	"<b style=""color:green;'>✅ B. 30 citosinas.</b><br><br><i>Apariciones: 1 veces (2024)</i>"	Fermepin2024 Unica
<b>Las características positivas para la tinción de Gram obtenida para Streptococcus pyogenes se deben a:</b><br><br>A. Su morfología celular.<br>B. La composición de su pared celular.<br>C. La composición de su membrana plasmática.<br>D. Las características de su protoplasma.<br>	"<b style=""color:green;'>✅ B. La composición de su pared celular.</b><br><br><i>Apariciones: 1 veces (2024)</i>"	Fermepin2024 Unica
<b>El ingreso de fluido desde el medio extracelular a través de vesículas, se denomina:</b><br><br>A. Endocitosis.<br>B. Fagocitosis.<br>C. Pinocitosis.<br>D. Ósmosis.<br>	"<b style=""color:green;'>✅ C. Pinocitosis.</b><br><br><i>Apariciones: 1 veces (2024)</i>"	Fermepin2024 Unica
<b>La síntesis del colesterol tiene lugar en:</b><br><br>A. El retículo endoplasmático liso.<br>B. Los ribosomas.<br>C. El complejo de Golgi.<br>D. Los peroxisomas.<br>	"<b style=""color:green;'>✅ A. El retículo endoplasmático liso.</b><br><br><i>Apariciones: 1 veces (2024)</i>"	Fermepin2024 Unica
<b>Señale la opción en la cual todos los elementos mencionados pertenecen al mismo nivel de organización de la materia:</b><br><br>A. Ovocito, neurona, ADN.<br>B. Núcleo, mitocondria, complejo de Golgi.<br>C. Neurona, RER, núcleo.<br>D. Hígado, pulmón, neurona.<br>	"<b style=""color:green;'>✅ B. Núcleo, mitocondria, complejo de Golgi.</b><br><br><i>Apariciones: 1 veces (2024)</i>"	Fermepin2024 Unica
<b>La función de las cubiertas de clatrina es:</b><br><br>A. Forzar la apertura de canales para el paso de iones.<br>B. Permitir los fenómenos de exocitosis de tipo ligando-dependiente.<br>C. Facilitar la invaginación de la membrana plasmática para formar un endosoma.<br>D. Dar especificidad a la unión entre una vesícula y una membrana.<br>	"<b style=""color:green;'>✅ C. Facilitar la invaginación de la membrana plasmática para formar un endosoma.</b><br><br><i>Apariciones: 1 veces (2024)</i>"	Fermepin2024 Unica
<b>Con relación a las uniones oclusivas, se afirma que:</b><br><br>A. Forman una capa continua, uniendo células vecinas.<br>B. Fijan a las células a la matriz extracelular.<br>C. Permiten la unión entre las células vegetales.<br>D. Están formadas por proteínas llamadas conexinas.<br>	"<b style=""color:green;'>✅ A. Forman una capa continua, uniendo células vecinas.</b><br><br><i>Apariciones: 1 veces (2024)</i>"	Fermepin2024 Unica
<b>En relación con las bacterias, se afirma que</b><br><br>A. Poseen un núcleo definido rodeado por una membrana nuclear.<br>B. Tienen su material genético disperso en el protoplasma.<br>C. Contienen organelas membranosas, como el RER.<br>D. Tienen una pared celular compuesta por celulosa.<br>	"<b style=""color:green;'>✅ B. Tienen su material genético disperso en el protoplasma.</b><br><br><i>Apariciones: 1 veces (2024)</i>"	Fermepin2024 Unica
<b>Los parásitos y demás protozoos pertenecen al reino:</b><br><br>A. Fungi.<br>B. Monera.<br>C. Protista.<br>D. Plantae.<br>	"<b style=""color:green;'>✅ C. Protista.</b><br><br><i>Apariciones: 1 veces (2024)</i>"	Fermepin2024 Unica
<b>Las microvellosidades están compuestas por:</b><br><br>A. Filamentos de vimentina.<br>B. Moléculas de miosina.<br>C. Filamentos de actina.<br>D. Subunidades de tubulina.<br>	"<b style=""color:green;'>✅ C. Filamentos de actina.</b><br><br><i>Apariciones: 1 veces (2024)</i>"	Fermepin2024 Unica
<b>Los microtúbulos en la célula se encargan de:</b><br><br>A. Almacenar sustancias químicas.<br>B. Realizar el transporte intracelular de vesículas.<br>C. Sintetizar ácidos nucleicos.<br>D. Participar en la contracción muscular.<br>	"<b style=""color:green;'>✅ B. Realizar el transporte intracelular de vesículas.</b><br><br><i>Apariciones: 1 veces (2024)</i>"	Fermepin2024 Unica
<b>Para poder ingresar al proteasoma, las proteínas a ser degradadas deben ser marcadas con:</b><br><br>A. Ubiquitinas.<br>B. Fosfatos.<br>C. Carbohidratos.<br>D. Metilos.<br>	"<b style=""color:green;'>✅ A. Ubiquitinas.</b><br><br><i>Apariciones: 1 veces (2024)</i>"	Fermepin2024 Unica
<b>Señale la opción en la cual todos los elementos pertenecen al mismo nivel de organización de la materia:</b><br><br>A. Planta, hepatocito, mitocondria.<br>B. Hígado, neurona, neumocito.<br>C. ADN, proteína, lípido.<br>D. Complejo de Golgi, lisosoma, ARN.<br>	"<b style=""color:green;'>✅ C. ADN, proteína, lípido.</b><br><br><i>Apariciones: 1 veces (2024)</i>"	Fermepin2024 Unica
<b>Se puede afirmar que la sacarosa está formada por:</b><br><br>A. D-glucosa y D-galactosa, mediante una unión alfa 1-6 glucosídica.<br>B. D-glucosa y D-fructosa, mediante una unión alfa 1-6 glucosídica.<br>C. D-glucosa y D-glucosa, mediante unión alfa 1-2 glucosídica.<br>D. D-glucosa y D-fructosa, mediante una unión alfa 1-2 glucosídica.<br>	"<b style=""color:green;'>✅ D. D-glucosa y D-fructosa, mediante una unión alfa 1-2 glucosídica.</b><br><br><i>Apariciones: 1 veces (2024)</i>"	Fermepin2024 Unica
<b>El sitio de síntesis de colesterol en la célula es:</b><br><br>A. El endosoma.<br>B. El ribosoma.<br>C. El retículo endoplasmático liso.<br>D. El Complejo de Golgi.<br>	"<b style=""color:green;'>✅ C. El retículo endoplasmático liso.</b><br><br><i>Apariciones: 1 veces (2024)</i>"	Fermepin2024 Unica
<b>De las siguientes opciones, las moléculas que utilizan la difusión simple para atravesar la membrana son:</b><br><br>A. $$\text{N}_{2}$ y iones.<br>B. $$\text{CO}_{2}$ y glucosa.<br>C. Glicerol y ácidos grasos.<br>D. $$\text{O}_{2}$ y aminoácidos.<br>	"<b style=""color:green;'>✅ C. Glicerol y ácidos grasos.</b><br><br><i>Apariciones: 1 veces (2024)</i>"	Fermepin2024 Unica
<b>Las uniones estrechas se caracterizan por:</b><br><br>A. Estar constituidas por conexinas.<br>B. Mediar la unión de las células a la matriz extracelular.<br>C. Unir células vecinas formando una capa continua.<br>D. Establecer la unión entre las células vegetales.<br>	"<b style=""color:green;'>✅ C. Unir células vecinas formando una capa continua.</b><br><br><i>Apariciones: 1 veces (2024)</i>"	Fermepin2024 Unica
<b>El transporte de fluido desde fuera hacia dentro de la célula a través de vesículas se denomina:</b><br><br>A. Fagocitosis.<br>B. Pinocitosis.<br>C. Ósmosis.<br>D. Endocitosis.<br>	"<b style=""color:green;'>✅ B. Pinocitosis.</b><br><br><i>Apariciones: 1 veces (2024)</i>"	Fermepin2024 Unica
<b>Las cubiertas de clatrina tienen como función:</b><br><br>A. Facilitar la invaginación de la membrana para formar un endosoma.<br>B. Forzar la apertura de canales para el paso de iones.<br>C. Permitir los fenómenos de exocitosis de tipo ligando-dependiente.<br>D. Dar especificidad a la unión entre una vesícula y una membrana.<br>	"<b style=""color:green;'>✅ A. Facilitar la invaginación de la membrana para formar un endosoma.</b><br><br><i>Apariciones: 1 veces (2024)</i>"	Fermepin2024 Unica
<b>Las bacterias se caracterizan por:</b><br><br>A. Poseer un núcleo definido rodeado por una membrana nuclear.<br>B. Contener organelas membranosas, como el complejo de Golgi.<br>C. Tener su material genético disperso en el protoplasma.<br>D. Tener una pared celular compuesta por celulosa.<br>	"<b style=""color:green;'>✅ C. Tener su material genético disperso en el protoplasma.</b><br><br><i>Apariciones: 1 veces (2024)</i>"	Fermepin2024 Unica
<b>La polaridad de la membrana plasmática se debe a:</b><br><br>A. Posee fosfatidilcolina y esfingomielina.<br>B. Es exactamente igual a la de la cara externa.<br>C. Presenta colesterol, que no se halla presente en la cara externa.<br>D. Está formada por fosfatidilserina y fosfatidiletanolamina.<br>	"<b style=""color:green;'>✅ D. Está formada por fosfatidilserina y fosfatidiletanolamina.</b><br><br><i>Apariciones: 1 veces (2024)</i>"	Fermepin2024 Unica
<b>Una molécula de ADN doble cadena que tiene 100 nucleótidos en total, si 20 de ellos son citosinas, entonces tiene:</b><br><br>A. 20 adeninas.<br>B. 30 adeninas.<br>C. 40 adeninas.<br>D. 60 adeninas.<br>	"<b style=""color:green;'>✅ B. 30 adeninas.</b><br><br><i>Apariciones: 1 veces (2024)</i>"	Fermepin2024 Unica
<b>En cuanto a las chaperonas hsp60, se puede afirmar que:</b><br><br>A. Son estructuras monoméricas.<br>B. Están formadas por polipéptidos.<br>C. Se encuentran formadas por dímeros de proteínas.<br>D. Son componentes principales de los ribosomas.<br>	"<b style=""color:green;'>✅ B. Están formadas por polipéptidos.</b><br><br><i>Apariciones: 1 veces (2024)</i>"	Fermepin2024 Unica
<b>La composición de las microvellosidades está dada por:</b><br><br>A. Filamentos de tubulina.<br>B. Filamentos de queratina.<br>C. Filamentos de miosina II.<br>D. Filamentos de actina.<br>	"<b style=""color:green;'>✅ D. Filamentos de actina.</b><br><br><i>Apariciones: 1 veces (2024)</i>"	Fermepin2024 Unica
<b>La obtención de energía por los organismos heterótrofos es mediante:</b><br><br>A. El $\text{O}_{2}$ generado por la respiración aeróbica.<br>B. La transformación de $\text{H}_{2}\text{O}$ y $\text{CO}_{2}$ en hidratos de carbono simples.<br>C. El uso de biomoléculas ya sintetizadas por los organismos autótrofos.<br>D. La fotosíntesis.<br>	"<b style=""color:green;'>✅ C. El uso de biomoléculas ya sintetizadas por los organismos autótrofos.</b><br><br><i>Apariciones: 1 veces (2024)</i>"	Fermepin2024 Unica
<b>Streptococcus pyogenes es una bacteria que presenta características positivas frente a la tinción de Gram debido a:</b><br><br>A. La composición de su membrana plasmática.<br>B. Su morfología celular.<br>C. Las características de su protoplasma.<br>D. La composición de su pared celular.<br>	"<b style=""color:green;'>✅ D. La composición de su pared celular.</b><br><br><i>Apariciones: 1 veces (2024)</i>"	Fermepin2024 Unica
<b>Puede afirmarse que la molécula de agua:</b><br><br>A. Es de carácter polar.<br>B. No se disocia debido a sus uniones covalentes.<br>C. Forma un tripolo.<br>D. Se une a otras moléculas mediante puentes salinos.<br>	"<b style=""color:green;'>✅ A. Es de carácter polar.</b><br><br><i>Apariciones: 1 veces (2024)</i>"	Fermepin2024 Unica
<b>En relación a las proteínas, es correcto afirmar que:</b><br><br>A. Están formadas por aminoácidos unidos por uniones fosfodiéster.<br>B. Las hexosas presentes en su estructura primaria le confieren funciones estructurales en las células.<br>C. La secuencia de aminoácidos determina las estructuras secundarias y terciarias.<br>D. Presentan dos extremos amino terminales en sus extremos.<br>	"<b style=""color:green;'>✅ C. La secuencia de aminoácidos determina las estructuras secundarias y terciarias.</b><br><br><i>Apariciones: 1 veces (2024)</i>"	Fermepin2024 Unica
<b>Los microtúbulos son los encargados de:</b><br><br>A. Almacenar sustancias químicas.<br>B. Sintetizar ácidos nucleicos.<br>C. Transportar vesículas.<br>D. La digestión del material celular.<br>	"<b style=""color:green;'>✅ C. Transportar vesículas.</b><br><br><i>Apariciones: 1 veces (2024)</i>"	Fermepin2024 Unica
<b>Las permeasas se diferencian de los canales iónicos en que:</b><br><br>A. Facilitan el ingreso de moléculas polares pequeñas no cargadas a la célula.<br>B. Están formadas por proteínas.<br>C. Su velocidad de transporte es más lenta.<br>D. Son saturables.<br>	"<b style=""color:green;'>✅ C. Su velocidad de transporte es más lenta.</b><br><br><i>Apariciones: 1 veces (2024)</i>"	Fermepin2024 Unica
<b>El reino al que pertenecen los parásitos y protozoos es:</b><br><br>A. Fungi.<br>B. Monera.<br>C. Plantae.<br>D. Protista.<br>	"<b style=""color:green;'>✅ D. Protista.</b><br><br><i>Apariciones: 1 veces (2024)</i>"	Fermepin2024 Unica
<b>En células eucariotas, la matriz citoplasmática hace referencia al:</b><br><br>A. Retículo endoplasmático.<br>B. Citoesqueleto.<br>C. Citosol.<br>D. Nucleoplasma.<br>	"<b style=""color:green;'>✅ C. Citosol.</b><br><br><i>Apariciones: 1 veces (2024)</i>"	Fermepin2024 Unica
<b>La capacidad de los seres vivos para poner en juego mecanismos que permitan mantener constante el medio interno se denomina:</b><br><br>A. Irritabilidad.<br>B. Homeostasis.<br>C. Evolución.<br>D. Autopoyesis.<br>	"<b style=""color:green;'>✅ B. Homeostasis.</b><br><br><i>Apariciones: 1 veces (2024)</i>"	Fermepin2024 Unica
<b>La membrana plasmática está compuesta mayoritariamente por:</b><br><br>A. Ácidos nucleicos.<br>B. Colesterol.<br>C. Fosfolípidos.<br>D. Hidratos de carbono.<br>	"<b style=""color:green;'>✅ C. Fosfolípidos.</b><br><br><i>Apariciones: 1 veces (2024)</i>"	Fermepin2024 Unica
<b>Con relación a las proteínas de membrana, se afirma que:</b><br><br>A. Son las responsables de la especificidad de los grupos ABO de los glóbulos rojos.<br>B. Se distribuyen de manera simétrica a ambos lados de la membrana.<br>C. Carecen de movilidad dentro de la membrana.<br>D. Pueden intervenir en los procesos de reconocimiento y adhesión celular.<br>	"<b style=""color:green;'>✅ D. Pueden intervenir en los procesos de reconocimiento y adhesión celular.</b><br><br><i>Apariciones: 1 veces (2024)</i>"	Fermepin2024 Unica
<b>El proceso por el que una vesícula descarga su contenido hacia el medio externo se denomina:</b><br><br>A. Pinocitosis.<br>B. Autofagia.<br>C. Exocitosis.<br>D. Transcitosis.<br>	"<b style=""color:green;'>✅ C. Exocitosis.</b><br><br><i>Apariciones: 1 veces (2024)</i>"	Fermepin2024 Unica
<b>Una función de los filamentos de actina corticales en los epitelios es:</b><br><br>A. Contracción muscular.<br>B. Formación del cinturón adhesivo.<br>C. Constitución de fibras tensoras.<br>D. Transporte de solutos.<br>	"<b style=""color:green;'>✅ B. Formación del cinturón adhesivo.</b><br><br><i>Apariciones: 1 veces (2024)</i>"	Fermepin2024 Unica
<b>El transporte activo se caracteriza por:</b><br><br>A. Permitir el ingreso y egreso de agua a la célula.<br>B. Ser saturable.<br>C. Ocurrir sin gasto de energía.<br>D. Ser a favor del gradiente de concentración.<br>	"<b style=""color:green;'>✅ B. Ser saturable.</b><br><br><i>Apariciones: 1 veces (2024)</i>"	Fermepin2024 Unica
<b>Los glicosaminoglicanos de la MEC, debido a la composición de su estructura:</b><br><br>A. Carecen de carga.<br>B. Poseen carga positiva.<br>C. Poseen cargas equilibradas.<br>D. Poseen carga negativa.<br>	"<b style=""color:green;'>✅ D. Poseen carga negativa.</b><br><br><i>Apariciones: 1 veces (2024)</i>"	Fermepin2024 Unica
<b>Con relación a los glicosomas, se afirma que:</b><br><br>A. Constituyen un depósito de energía para la célula.<br>B. Ocupan casi todo el citosol de los adipocitos.<br>C. Contienen pigmentos de lipofuscina en su interior.<br>D. Están formados por cristales de proteínas.<br>	"<b style=""color:green;'>✅ A. Constituyen un depósito de energía para la célula.</b><br><br><i>Apariciones: 1 veces (2024)</i>"	Fermepin2024 Unica
<b>El método utilizado para separar organelas celulares en una muestra es:</b><br><br>A. La centrifugación diferencial.<br>B. La criofractura.<br>C. La hibridación in situ.<br>D. La electroforesis en gel.<br>	"<b style=""color:green;'>✅ A. La centrifugación diferencial.</b><br><br><i>Apariciones: 1 veces (2024)</i>"	Fermepin2024 Unica
<b>Las ocludinas conforman:</b><br><br>A. Uniones estrechas.<br>B. Uniones tipo hemidesmosomas.<br>C. Uniones comunicantes.<br>D. Uniones tipo desmosomas.<br>	"<b style=""color:green;'>✅ A. Uniones estrechas.</b><br><br><i>Apariciones: 1 veces (2024)</i>"	Fermepin2024 Unica
<b>Los organismos del reino Hongo o Fungi:</b><br><br>A. Son procariotas.<br>B. Poseen pared celular de celulosa.<br>C. Pueden ser tanto autótrofos como heterótrofos.<br>D. Pueden ser tanto unicelulares como pluricelulares.<br>	"<b style=""color:green;'>✅ D. Pueden ser tanto unicelulares como pluricelulares.</b><br><br><i>Apariciones: 1 veces (2024)</i>"	Fermepin2024 Unica
<b>La baja concentración de $Ca^{2+}$ en el citosol comparado con el líquido extracelular se mantiene gracias a:</b><br><br>A. La apertura de canales de $Ca^{2+}$ dependientes de voltaje.<br>B. La acción de bombas de $Ca^{2+}$ en el REL.<br>C. Su salida al medio extracelular mediante exocitosis.<br>D. Su ingreso al interior del RER.<br>	"<b style=""color:green;'>✅ B. La acción de bombas de $Ca^{2+}$ en el REL.</b><br><br><i>Apariciones: 1 veces (2024)</i>"	Fermepin2024 Unica
<b>Puede afirmarse que una característica de los centríolos es:</b><br><br>A. Ser exclusivos de las células vegetales.<br>B. Relacionarse con la organización de microtúbulos.<br>C. Estar conformados por filamentos de actina.<br>D. Ser responsables de la movilidad celular.<br>	"<b style=""color:green;'>✅ B. Relacionarse con la organización de microtúbulos.</b><br><br><i>Apariciones: 1 veces (2024)</i>"	Fermepin2024 Unica
<b>El colágeno tipo IV se encuentra principalmente en:</b><br><br>A. Lámina basal.<br>B. Tendones y huesos.<br>C. Tejido conectivo laxo.<br>D. Cartílago.<br>	"<b style=""color:green;'>✅ A. Lámina basal.</b><br><br><i>Apariciones: 1 veces (2024)</i>"	Fermepin2024 Unica
<b>Los aminoácidos:</b><br><br>A. Poseen carga positiva cuando su punto isoeléctrico es igual al pH del medio.<br>B. Son polímeros formados por C, H, N y O principalmente.<br>C. Se unen entre sí mediante uniones fosfodiéster para formar las proteínas.<br>D. Presentan un carbono asimétrico, con excepción de la glicina.<br>	"<b style=""color:green;'>✅ D. Presentan un carbono asimétrico, con excepción de la glicina.</b><br><br><i>Apariciones: 1 veces (2024)</i>"	Fermepin2024 Unica
<b>Los glóbulos rojos que se encuentran en una solución hipotónica:</b><br><br>A. Se mantienen inalterables porque entra y sale agua de igual forma en ambos sentidos.<br>B. Pierden solutos y, por lo tanto, se crenan o achican.<br>C. Pierden agua y se crenan o achican.<br>D. Sufren el ingreso de agua y, por ello, se lisan o rompen.<br>	"<b style=""color:green;'>✅ D. Sufren el ingreso de agua y, por ello, se lisan o rompen.</b><br><br><i>Apariciones: 1 veces (2024)</i>"	Fermepin2024 Unica
<b>Puede afirmarse que los glicosomas:</b><br><br>A. Están formados por cristales de proteínas.<br>B. Contienen pigmentos de lipofuscina en su interior.<br>C. Constituyen un depósito de energía para la célula.<br>D. Ocupan casi todo el citosol de los adipocitos.<br>	"<b style=""color:green;'>✅ C. Constituyen un depósito de energía para la célula.</b><br><br><i>Apariciones: 1 veces (2024)</i>"	Fermepin2024 Unica
<b>Los hongos se caracterizan porque:</b><br><br>A. Son fotosintéticos.<br>B. Carecen de pared celular.<br>C. Están formados por más de una célula.<br>D. Son heterótrofos.<br>	"<b style=""color:green;'>✅ D. Son heterótrofos.</b><br><br><i>Apariciones: 1 veces (2024)</i>"	Fermepin2024 Unica
<b>Las uniones intercelulares formadas por ocludinas son:</b><br><br>A. Uniones tipo desmosomas.<br>B. Uniones comunicantes.<br>C. Uniones estrechas.<br>D. Uniones tipo hemidesmosomas.<br>	"<b style=""color:green;'>✅ C. Uniones estrechas.</b><br><br><i>Apariciones: 1 veces (2024)</i>"	Fermepin2024 Unica
<b>La glucosa y el hepatocito corresponden respectivamente a los siguientes niveles de organización de la materia:</b><br><br>A. Atómico y molecular.<br>B. Molecular y celular.<br>C. Molecular y organela.<br>D. Macromolecular y celular.<br>	"<b style=""color:green;'>✅ B. Molecular y celular.</b><br><br><i>Apariciones: 1 veces (2024)</i>"	Fermepin2024 Unica
<b>La membrana de una célula se compone principalmente de:</b><br><br>A. Glúcidos.<br>B. Colesterol.<br>C. Fosfolípidos.<br>D. Nucleótidos.<br>	"<b style=""color:green;'>✅ C. Fosfolípidos.</b><br><br><i>Apariciones: 1 veces (2024)</i>"	Fermepin2024 Unica
<b>La concentración reducida de $Ca^{2+}$ en el citosol, en comparación con la del RE y el líquido extracelular, se mantiene gracias a:</b><br><br>A. La acción de bombas de $Ca^{2+}$ en el REL.<br>B. Su ingreso al interior del RER.<br>C. La apertura de canales de $Ca^{2+}$ dependientes de voltaje.<br>D. Su salida al medio extracelular mediante exocitosis.<br>	"<b style=""color:green;'>✅ A. La acción de bombas de $Ca^{2+}$ en el REL.</b><br><br><i>Apariciones: 1 veces (2024)</i>"	Fermepin2024 Unica
<b>En células epiteliales, los filamentos de actina corticales tienen como función:</b><br><br>A. Contracción muscular.<br>B. Formación del cinturón adhesivo.<br>C. Constitución de fibras tensoras.<br>D. Transporte de solutos.<br>	"<b style=""color:green;'>✅ B. Formación del cinturón adhesivo.</b><br><br><i>Apariciones: 1 veces (2024)</i>"	Fermepin2024 Unica
<b>El colágeno tipo IV es constituyente principal de:</b><br><br>A. El cartílago.<br>B. El tejido conectivo laxo.<br>C. Los tendones y huesos.<br>D. La lámina basal.<br>	"<b style=""color:green;'>✅ D. La lámina basal.</b><br><br><i>Apariciones: 1 veces (2024)</i>"	Fermepin2024 Unica
<b>Se puede afirmar que una característica del transporte activo es que:</b><br><br>A. Ocurre a favor del gradiente de concentración.<br>B. Sucede sin gasto energético.<br>C. Permite que el agua entre y salga de la célula.<br>D. Se satura en determinadas condiciones.<br>	"<b style=""color:green;'>✅ D. Se satura en determinadas condiciones.</b><br><br><i>Apariciones: 1 veces (2024)</i>"	Fermepin2024 Unica
<b>La descarga de contenido de una vesícula hacia el medio externo se denomina:</b><br><br>A. Exocitosis.<br>B. Transcitosis.<br>C. Autofagia.<br>D. Fagocitosis.<br>	"<b style=""color:green;'>✅ A. Exocitosis.</b><br><br><i>Apariciones: 1 veces (2024)</i>"	Fermepin2024 Unica
<b>Los ribosomas libres en el citosol se encargan de:</b><br><br>A. Degradar proteínas defectuosas.<br>B. Producir lípidos para la membrana celular.<br>C. Transportar proteínas al núcleo.<br>D. Sintetizar proteínas que se utilizan dentro del citosol o en otras partes del citoplasma.<br>	"<b style=""color:green;'>✅ D. Sintetizar proteínas que se utilizan dentro del citosol o en otras partes del citoplasma.</b><br><br><i>Apariciones: 1 veces (2024)</i>"	Fermepin2024 Unica
<b>La capacidad de los seres vivos para responder a estímulos externos se define como:</b><br><br>A. Irritabilidad.<br>B. Evolución.<br>C. Autopoyesis.<br>D. Homeostasis.<br>	"<b style=""color:green;'>✅ A. Irritabilidad.</b><br><br><i>Apariciones: 1 veces (2024)</i>"	Fermepin2024 Unica
<b>Los centríolos se caracterizan porque:</b><br><br>A. Son responsables de la movilidad celular.<br>B. Están presentes en las células vegetales.<br>C. Se forman de microtúbulos.<br>D. Están constituidos por actina.<br>	"<b style=""color:green;'>✅ C. Se forman de microtúbulos.</b><br><br><i>Apariciones: 1 veces (2024)</i>"	Fermepin2024 Unica
<b>El agua es una molécula que:</b><br><br>A. Debido a sus uniones covalentes no puede disociarse.<br>B. Se une a otras moléculas mediante puentes de hidrógeno.<br>C. Tiene carácter apolar.<br>D. Forma un tripolo.<br>	"<b style=""color:green;'>✅ B. Se une a otras moléculas mediante puentes de hidrógeno.</b><br><br><i>Apariciones: 1 veces (2024)</i>"	Fermepin2024 Unica
<b>En una solución hipotónica, los glóbulos rojos (GR):</b><br><br>A. Se crenan o achican por pérdida de agua.<br>B. Se lisan porque ingresa agua al GR.<br>C. No se alteran porque la entrada y salida de agua es igual en ambos sentidos.<br>D. Se crenan o achican porque salen solutos del GR.<br>	"<b style=""color:green;'>✅ B. Se lisan porque ingresa agua al GR.</b><br><br><i>Apariciones: 1 veces (2024)</i>"	Fermepin2024 Unica
<b>Una diferencia entre la fosfatidicolina y un triglicérido es que la primera:</b><br><br>A. Es saponificable porque a pH alcalino forma sales de ácidos grasos.<br>B. Presenta funciones estructurales.<br>C. Es un lípido anfipático.<br>D. Posee tres ácidos grasos unidos al glicerol.<br>	"<b style=""color:green;'>✅ B. Presenta funciones estructurales.</b><br><br><i>Apariciones: 1 veces (2024)</i>"	Fermepin2024 Unica
<b>Los monómeros que conforman a los péptidos y proteínas:</b><br><br>A. Presentan un carbono asimétrico, con excepción de la glicina.<br>B. Se unen entre sí mediante uniones fosfodiéster para formar las proteínas.<br>C. Son polímeros formados por C, H, N y O principalmente.<br>D. Poseen carga positiva cuando su punto isoeléctrico es igual al pH del medio.<br>	"<b style=""color:green;'>✅ A. Presentan un carbono asimétrico, con excepción de la glicina.</b><br><br><i>Apariciones: 1 veces (2024)</i>"	Fermepin2024 Unica
<b>Con relación a los glicosaminoglicanos presentes en la MEC, se afirma que:</b><br><br>A. Presentan carga positiva.<br>B. Presentan carga negativa.<br>C. Poseen carga neutra.<br>D. No poseen carga.<br>	"<b style=""color:green;'>✅ B. Presentan carga negativa.</b><br><br><i>Apariciones: 1 veces (2024)</i>"	Fermepin2024 Unica
<b>Se puede afirmar que las proteínas integrales de membrana:</b><br><br>A. Están fijas dentro de dicha estructura.<br>B. Poseen una región hidrofóbica y otra hidrofílica.<br>C. Son las encargadas de la especificidad de los grupos ABO.<br>D. Carecen de actividad enzimática.<br>	"<b style=""color:green;'>✅ B. Poseen una región hidrofóbica y otra hidrofílica.</b><br><br><i>Apariciones: 1 veces (2024)</i>"	Fermepin2024 Unica
<b>Las células procariotas se distinguen por:</b><br><br>A. Poseer su material genético disperso en el protoplasma.<br>B. Tener una pared celular constituida principalmente por celulosa.<br>C. Presentar organelas membranosas internas, como el retículo endoplasmático.<br>D. Contener un núcleo definido rodeado de una membrana nuclear.<br>	"<b style=""color:green;'>✅ A. Poseer su material genético disperso en el protoplasma.</b><br><br><i>Apariciones: 1 veces (2024)</i>"	Fermepin2024 Unica
<b>El principal depósito intracelular de $Ca^{2+}$ en una célula es:</b><br><br>A. El aparato de Golgi.<br>B. El peroxisoma.<br>C. La mitocondria.<br>D. El REL.<br>	"<b style=""color:green;'>✅ D. El REL.</b><br><br><i>Apariciones: 1 veces (2024)</i>"	Fermepin2024 Unica
<b>El acoplamiento eléctrico y metabólico entre células se realiza a través de las uniones denominadas:</b><br><br>A. Comunicantes.<br>B. Adherentes.<br>C. Desmosomas.<br>D. Hemidesmosomas.<br>	"<b style=""color:green;'>✅ A. Comunicantes.</b><br><br><i>Apariciones: 1 veces (2024)</i>"	Fermepin2024 Unica
<b>A diferencia del citosol, el citoplasma:</b><br><br>A. Es el medio líquido de las células.<br>B. Es exclusivo de las células procariotas.<br>C. Contiene todas las organelas celulares, menos el núcleo.<br>D. Es donde ocurre la replicación del ADN eucariota.<br>	"<b style=""color:green;'>✅ C. Contiene todas las organelas celulares, menos el núcleo.</b><br><br><i>Apariciones: 1 veces (2024)</i>"	Fermepin2024 Unica
<b>Los glicosaminoglicanos que forman parte de la matriz extracelular están formados por:</b><br><br>A. Hidratos de carbonos unidos entre sí y con proteínas.<br>B. Hidratos de carbono unidos entre sí y con lípidos.<br>C. Hidratos de carbono unidos entre sí y con nucleótidos.<br>D. Hidratos de carbono unidos entre sí y con la lámina basal.<br>	"<b style=""color:green;'>✅ A. Hidratos de carbonos unidos entre sí y con proteínas.</b><br><br><i>Apariciones: 1 veces (2024)</i>"	Fermepin2024 Unica
<b>La composición de la membrana celular incluye:</b><br><br>A. Colesterol y celulosa.<br>B. Ácidos nucleicos e hidratos de carbono.<br>C. Fosfolípidos y proteínas.<br>D. Quitina y esfingomielina.<br>	"<b style=""color:green;'>✅ C. Fosfolípidos y proteínas.</b><br><br><i>Apariciones: 1 veces (2024)</i>"	Fermepin2024 Unica
<b>La Escherichia coli, como otras bacterias, posee una pared celular compuesta por:</b><br><br>A. Un armazón de quitina.<br>B. Celulosa como compuesto principal.<br>C. Peptidoglicano.<br>D. Proteínas que forman una cápside.<br>	"<b style=""color:green;'>✅ C. Peptidoglicano.</b><br><br><i>Apariciones: 1 veces (2024)</i>"	Fermepin2024 Unica
<b>La diferencia principal entre los organismos del Reino Monera y los del Reino Protista es que:</b><br><br>A. Los organismos del Reino Monera son procariotas, mientras que los del Reino Protista son eucariotas.<br>B. Los organismos del Reino Protista tienen paredes celulares de peptidoglicano, mientras que los primeros no tienen pared celular.<br>C. Los organismos del Reino Monera se dividen por mitosis/meiosis y los del Reino Protista se dividen por fisión binaria.<br>D. Los organismos del Reino Protista son multicelulares, mientras que los del Reino Monera son unicelulares.<br>	"<b style=""color:green;'>✅ A. Los organismos del Reino Monera son procariotas, mientras que los del Reino Protista son eucariotas.</b><br><br><i>Apariciones: 1 veces (2024)</i>"	Fermepin2024 Unica
<b>Con respecto a la endocitosis se puede afirmar que:</b><br><br>A. Intervienen proteínas transportadoras.<br>B. Se produce a través de vesículas y con gasto de energía.<br>C. Es un tipo de transporte pasivo.<br>D. Permite el pasaje de moléculas pequeñas a través de la membrana.<br>	"<b style=""color:green;'>✅ B. Se produce a través de vesículas y con gasto de energía.</b><br><br><i>Apariciones: 1 veces (2024)</i>"	Fermepin2024 Unica
<b>Con relación a las uniones llamadas oclusivas se puede afirmar que:</b><br><br>A. Permiten fijar las células a la matriz extracelular.<br>B. Permiten la unión entre células vecinas, haciendo que formen una capa continua.<br>C. Permiten la unión entre las células vegetales.<br>D. Permiten el pasaje de moléculas pequeñas e iones entre las células involucradas.<br>	"<b style=""color:green;'>✅ B. Permiten la unión entre células vecinas, haciendo que formen una capa continua.</b><br><br><i>Apariciones: 1 veces (2024)</i>"	Fermepin2024 Unica
<b>La función principal de las t-SNARE en las células es:</b><br><br>A. Facilitar la fusión de vesículas con la membrana plasmática.<br>B. Transportar calcio a través de la membrana celular.<br>C. Formar la cubierta proteica en las vesículas.<br>D. Desencadenar la exocitosis en células musculares.<br>	"<b style=""color:green;'>✅ A. Facilitar la fusión de vesículas con la membrana plasmática.</b><br><br><i>Apariciones: 1 veces (2024)</i>"	Fermepin2024 Unica
<b>El proteasoma es un complejo proteico cuya función es:</b><br><br>A. Degradar proteínas mal plegadas o dañadas mediante proteólisis, un proceso que requiere ubiquitinación previa.<br>B. Sintetizar proteínas en el retículo endoplásmico rugoso para su posterior procesamiento.<br>C. Modificar postraduccionalmente proteínas mediante la adición de grupos fosfato.<br>D. Transportar proteínas a través de la membrana nuclear.<br>	"<b style=""color:green;'>✅ A. Degradar proteínas mal plegadas o dañadas mediante proteólisis, un proceso que requiere ubiquitinación previa.</b><br><br><i>Apariciones: 1 veces (2024)</i>"	Fermepin2024 Unica
<b>Los filamentos intermedios que se encuentran mayoritariamente en las células musculares son:</b><br><br>A. Filamentos de queratina.<br>B. Filamentos de desmina.<br>C. Filamentos de vimentina.<br>D. Neurofilamentos.<br>	"<b style=""color:green;'>✅ B. Filamentos de desmina.</b><br><br><i>Apariciones: 1 veces (2024)</i>"	Fermepin2024 Unica
<b>Los canales iónicos:</b><br><br>A. Funcionan mediante complejos soluto-canal que son específicos y se saturan.<br>B. Forman parte del transporte activo de sustancias.<br>C. No pueden ser inhibidos.<br>D. Están constituidos por proteínas hidrofóbicas.<br>	"<b style=""color:green;'>✅ A. Funcionan mediante complejos soluto-canal que son específicos y se saturan.</b><br><br><i>Apariciones: 1 veces (2024)</i>"	Fermepin2024 Unica
<b>El colágeno se asemeja a la elastina en que ambos:</b><br><br>A. Son componentes fibrosos de la matriz extracelular.<br>B. Son proteínas globulares de la matriz extracelular.<br>C. Son proteínas adhesivas de la matriz extracelular.<br>D. Son componentes fluidos de la matriz extracelular.<br>	"<b style=""color:green;'>✅ A. Son componentes fibrosos de la matriz extracelular.</b><br><br><i>Apariciones: 1 veces (2024)</i>"	Fermepin2024 Unica
<b>Con relación a los oligosacáridos, es correcto afirmar que:</b><br><br>A. Están unidos a lípidos y proteínas en el organismo.<br>B. Están formados por la unión de 2 monómeros de hexosas.<br>C. Incluye como ejemplos al almidón y al glucógeno.<br>D. Presentan una estructura lineal, no ramificada, formada por el mismo monosacárido.<br>	"<b style=""color:green;'>✅ A. Están unidos a lípidos y proteínas en el organismo.</b><br><br><i>Apariciones: 1 veces (2024)</i>"	Fermepin2024 Unica
<b>Las proteínas motoras involucradas en el transporte de organoides y macromoléculas a lo largo de los microtúbulos se denominan:</b><br><br>A. Miosina y actina.<br>B. Quinesina y dineína.<br>C. Tropomiosina y desmina.<br>D. Tubulina y profilina.<br>	"<b style=""color:green;'>✅ B. Quinesina y dineína.</b><br><br><i>Apariciones: 1 veces (2024)</i>"	Fermepin2024 Unica
<b>Con relación al citosol, se afirma que:</b><br><br>A. Sus características se ajustan en respuesta a las necesidades celulares, como variaciones en la concentración de iones y metabolitos.<br>B. Presenta la misma composición en todas las células, sin diferencias notables.<br>C. Se especializa únicamente en la replicación del ADN.<br>D. Carece de impacto en la actividad metabólica celular.<br>	"<b style=""color:green;'>✅ A. Sus características se ajustan en respuesta a las necesidades celulares, como variaciones en la concentración de iones y metabolitos.</b><br><br><i>Apariciones: 1 veces (2024)</i>"	Fermepin2024 Unica
<b>Los cultivos primarios se definen por:</b><br><br>A. Ser el primer paso en el establecimiento de cultivos celulares en el laboratorio.<br>B. Proliferar indefinidamente en cultivo.<br>C. Cubrir la superficie de la placa de cultivo hasta que se formen líneas celulares inmortales.<br>D. Tener un tiempo de división de solo 20 minutos.<br>	"<b style=""color:green;'>✅ A. Ser el primer paso en el establecimiento de cultivos celulares en el laboratorio.</b><br><br><i>Apariciones: 1 veces (2024)</i>"	Fermepin2024 Unica
<b>Podemos afirmar que los canales iónicos:</b><br><br>A. Transportan sustancias de manera activa.<br>B. Se componen de proteínas hidrofóbicas.<br>C. Se saturan formando complejos soluto-canal específicos.<br>D. Carecen de mecanismos que los inhiban.<br>	"<b style=""color:green;'>✅ C. Se saturan formando complejos soluto-canal específicos.</b><br><br><i>Apariciones: 1 veces (2024)</i>"	Fermepin2024 Unica
<b>Con respecto a las bacterias, puede afirmarse que poseen una pared celular de:</b><br><br>A. Celulosa.<br>B. Glicolípidos.<br>C. Quitina.<br>D. Peptidoglicano.<br>	"<b style=""color:green;'>✅ D. Peptidoglicano.</b><br><br><i>Apariciones: 1 veces (2024)</i>"	Fermepin2024 Unica
<b>A nivel celular, las t-SNARE se ocupan de:</b><br><br>A. Desencadenar la exocitosis en células musculares.<br>B. Facilitar la fusión de vesículas con la membrana plasmática.<br>C. Transportar calcio a través de la membrana celular.<br>D. Formar la cubierta proteica en las vesículas.<br>	"<b style=""color:green;'>✅ B. Facilitar la fusión de vesículas con la membrana plasmática.</b><br><br><i>Apariciones: 1 veces (2024)</i>"	Fermepin2024 Unica
<b>La fase fluida de la matriz extracelular está compuesta por glicosaminoglicanos, los que a su vez están formados por:</b><br><br>A. Hidratos de carbono unidos entre sí y con nucleótidos.<br>B. Hidratos de carbono unidos entre sí y con la lámina basal.<br>C. Hidratos de carbonos unidos entre sí y con proteínas.<br>D. Hidratos de carbono unidos entre sí y con lípidos.<br>	"<b style=""color:green;'>✅ C. Hidratos de carbonos unidos entre sí y con proteínas.</b><br><br><i>Apariciones: 1 veces (2024)</i>"	Fermepin2024 Unica
<b>El ácido ribonucleico:</b><br><br>A. Es monocatenario al igual que el ADN.<br>B. Presenta un extremo 3’ con un fosfato y un extremo 5’ con un OH.<br>C. Posee nucleótidos unidos por enlace de tipo fosfodiéster.<br>D. Está formado por los mismos nucleótidos que el ADN.<br>	"<b style=""color:green;'>✅ C. Posee nucleótidos unidos por enlace de tipo fosfodiéster.</b><br><br><i>Apariciones: 1 veces (2024)</i>"	Fermepin2024 Unica
<b>El transporte de organoides y macromoléculas a lo largo de los microtúbulos es facilitado por las proteínas motoras:</b><br><br>A. Tropomiosina y desmina.<br>B. Miosina y actina.<br>C. Tubulina y profilina.<br>D. Quinesina y dineína.<br>	"<b style=""color:green;'>✅ D. Quinesina y dineína.</b><br><br><i>Apariciones: 1 veces (2024)</i>"	Fermepin2024 Unica
<b>Las uniones oclusivas tienen como función:</b><br><br>A. Permitir el pasaje de iones y moléculas pequeñas entre las células involucradas.<br>B. Fijar las células a la matriz extracelular.<br>C. Unir estrechamente células vecinas, haciendo que estas formen una capa continua.<br>D. Permitir la unión entre las células vegetales.<br>	"<b style=""color:green;'>✅ C. Unir estrechamente células vecinas, haciendo que estas formen una capa continua.</b><br><br><i>Apariciones: 1 veces (2024)</i>"	Fermepin2024 Unica
<b>La endocitosis es un mecanismo de transporte que:</b><br><br>A. Facilita el ingreso de moléculas pequeñas a través de la membrana.<br>B. No consume energía cuando ocurre.<br>C. Utiliza vesículas formadas por la membrana plasmática.<br>D. Utiliza proteínas transportadoras.<br>	"<b style=""color:green;'>✅ C. Utiliza vesículas formadas por la membrana plasmática.</b><br><br><i>Apariciones: 1 veces (2024)</i>"	Fermepin2024 Unica
<b>La membrana plasmática está formada por:</b><br><br>A. Ácidos nucleicos, fosfolípidos e hidratos de carbono.<br>B. Fosfolípidos, proteínas e hidratos de carbono.<br>C. Esfingomielina, ácidos nucleicos y proteínas.<br>D. Celulosa, ácidos nucleicos y proteínas.<br>	"<b style=""color:green;'>✅ B. Fosfolípidos, proteínas e hidratos de carbono.</b><br><br><i>Apariciones: 1 veces (2024)</i>"	Fermepin2024 Unica
<b>Se puede afirmar que los oligosacáridos:</b><br><br>A. Están unidos a lípidos y proteínas en el organismo.<br>B. Están formados por la unión de 2 monómeros de hexosas.<br>C. Incluye como ejemplos al almidón y al glucógeno.<br>D. Presentan una estructura lineal, no ramificada, formada por el mismo monosacárido.<br>	"<b style=""color:green;'>✅ A. Están unidos a lípidos y proteínas en el organismo.</b><br><br><i>Apariciones: 1 veces (2024)</i>"	Fermepin2024 Unica
<b>El principal reservorio intracelular de $Ca^{2+}$ en una célula es:</b><br><br>A. Peroxisoma.<br>B. REL.<br>C. Aparato de Golgi.<br>D. Mitocondria.<br>	"<b style=""color:green;'>✅ B. REL.</b><br><br><i>Apariciones: 1 veces (2024)</i>"	Fermepin2024 Unica
<b>Los organismos del Reino Monera difieren de los del Reino Protista en que:</b><br><br>A. Los organismos del Reino Monera se dividen por mitosis/meiosis y los del Reino Protista se dividen por fisión binaria.<br>B. Los organismos del Reino Monera son procariotas, mientras que los del Reino Protista son eucariotas.<br>C. Los organismos del Reino Protista son multicelulares, mientras que los del Reino Monera son unicelulares.<br>D. Los organismos del Reino Protista tienen paredes celulares de peptidoglicano, mientras que los primeros no tienen pared celular.<br>	"<b style=""color:green;'>✅ B. Los organismos del Reino Monera son procariotas, mientras que los del Reino Protista son eucariotas.</b><br><br><i>Apariciones: 1 veces (2024)</i>"	Fermepin2024 Unica
<b>Las uniones intercelulares encargadas del acoplamiento eléctrico y metabólico entre las células son:</b><br><br>A. Los desmosomas.<br>B. Hemidesmosomas.<br>C. Las comunicantes.<br>D. Las adherentes.<br>	"<b style=""color:green;'>✅ C. Las comunicantes.</b><br><br><i>Apariciones: 1 veces (2024)</i>"	Fermepin2024 Unica
<b>Una similitud entre el colágeno y la elastina es que:</b><br><br>A. Son proteínas globulares de la matriz extracelular.<br>B. Son componentes fluidos de la matriz extracelular.<br>C. Son componentes fibrosos de la matriz extracelular.<br>D. Son proteínas estructurales de la matriz extracelular.<br>	"<b style=""color:green;'>✅ C. Son componentes fibrosos de la matriz extracelular.</b><br><br><i>Apariciones: 1 veces (2024)</i>"	Fermepin2024 Unica
<b>Con relación a las células procariotas, se afirma que:</b><br><br>A. Contienen un núcleo definido rodeado de una membrana nuclear.<br>B. Tienen una pared celular constituida principalmente por celulosa.<br>C. Presentan organelas membranosas internas, como el retículo endoplasmático.<br>D. Poseen su material genético disperso en el protoplasma.<br>	"<b style=""color:green;'>✅ D. Poseen su material genético disperso en el protoplasma.</b><br><br><i>Apariciones: 1 veces (2024)</i>"	Fermepin2024 Unica
<b>En células musculares, los principales filamentos intermedios son:</b><br><br>A. Filamentos de desmina.<br>B. Neurofilamentos.<br>C. Filamentos de queratina.<br>D. Filamentos de vimentina.<br>	"<b style=""color:green;'>✅ A. Filamentos de desmina.</b><br><br><i>Apariciones: 1 veces (2024)</i>"	Fermepin2024 Unica
<b>El colesterol es:</b><br><br>A. Un componente de la cara externa de la membrana plasmática de células animales.<br>B. Una molécula que aumenta la fluidez de las membranas cuando se encuentra en exceso.<br>C. Una molécula que presenta una cabeza y una cola apolares.<br>D. Un lípido insaponificable.<br>	"<b style=""color:green;'>✅ D. Un lípido insaponificable.</b><br><br><i>Apariciones: 1 veces (2024)</i>"	Fermepin2024 Unica
<b>Con relación al transporte pasivo se afirma que:</b><br><br>A. Utiliza energía proveniente del ATP.<br>B. En la difusión facilitada, se utilizan permeasas para permitir el transporte a ambos lados de la membrana.<br>C. Las moléculas polares atraviesan fácilmente la membrana por difusión simple.<br>D. Las moléculas se transportan en contra de su gradiente electroquímico.<br>	"<b style=""color:green;'>✅ B. En la difusión facilitada, se utilizan permeasas para permitir el transporte a ambos lados de la membrana.</b><br><br><i>Apariciones: 1 veces (2024)</i>"	Fermepin2024 Unica
<b>La bomba de $Na^{+}/K^{+}$ ATPasa:</b><br><br>A. Es un sistema de cotransporte.<br>B. Está formada por una proteína transmembrana que posee dos subunidades.<br>C. Utiliza energía del GTP para realizar su función.<br>D. Permite el ingreso de $2\,K^{+}$ a la célula y la salida de $3\,Na^{+}$ de la misma.<br>	"<b style=""color:green;'>✅ D. Permite el ingreso de $2\,K^{+}$ a la célula y la salida de $3\,Na^{+}$ de la misma.</b><br><br><i>Apariciones: 1 veces (2024)</i>"	Fermepin2024 Unica
<b>La matriz intracelular de las células se llama:</b><br><br>A. Citoesqueleto.<br>B. Citosol.<br>C. Citoplasma.<br>D. Glicocálix.<br>	"<b style=""color:green;'>✅ B. Citosol.</b><br><br><i>Apariciones: 1 veces (2024)</i>"	Fermepin2024 Unica
<b>Las uniones intercelulares que contienen laminina son:</b><br><br>A. Los hemidesmosomas.<br>B. Las oclusivas.<br>C. Las comunicantes.<br>D. Las adherentes.<br>	"<b style=""color:green;'>✅ A. Los hemidesmosomas.</b><br><br><i>Apariciones: 1 veces (2024)</i>"	Fermepin2024 Unica
<b>La función de los neurofilamentos en las neuronas es:</b><br><br>A. Regular la motilidad celular.<br>B. Proporcionar estructura a dendritas y axones.<br>C. Unir filamentos de actina.<br>D. Formar la lámina nuclear.<br>	"<b style=""color:green;'>✅ B. Proporcionar estructura a dendritas y axones.</b><br><br><i>Apariciones: 1 veces (2024)</i>"	Fermepin2024 Unica
<b>La estructura primaria de una proteína es aquella definida por:</b><br><br>A. La secuencia lineal de aminoácidos en la cadena polipeptídica.<br>B. La unión de cadenas lineales de aminoácidos mediante puentes disulfuro.<br>C. La interacción de múltiples cadenas polipeptídicas.<br>D. La presencia de modificaciones postraduccionales.<br>	"<b style=""color:green;'>✅ A. La secuencia lineal de aminoácidos en la cadena polipeptídica.</b><br><br><i>Apariciones: 1 veces (2024)</i>"	Fermepin2024 Unica
<b>La cara externa de la membrana plasmática:</b><br><br>A. Se encuentra adherida al glicocálix.<br>B. Es igual a la cara interna en su composición.<br>C. Posee fosfatidilcolina y esfingomielina.<br>D. A diferencia de la cara interna, es rígida.<br>	"<b style=""color:green;'>✅ C. Posee fosfatidilcolina y esfingomielina.</b><br><br><i>Apariciones: 1 veces (2024)</i>"	Fermepin2024 Unica
<b>La configuración “9+2” es propia de microtúbulos presentes en:</b><br><br>A. Centríolos.<br>B. Cuerpos basales.<br>C. Axonema.<br>D. Microvellosidades.<br>	"<b style=""color:green;'>✅ C. Axonema.</b><br><br><i>Apariciones: 1 veces (2024)</i>"	Fermepin2024 Unica
<b>Los organismos procariotas se diferencian, en cuanto a sus características, de los organismos eucariotas en que:</b><br><br>A. Presentan cromosomas múltiples.<br>B. Son considerados seres vivos.<br>C. Carecen de pared celular.<br>D. Presentan como material genético ADN desnudo.<br>	"<b style=""color:green;'>✅ D. Presentan como material genético ADN desnudo.</b><br><br><i>Apariciones: 1 veces (2024)</i>"	Fermepin2024 Unica
<b>La estructura de la membrana plasmática:</b><br><br>A. Se organiza en una bicapa de fosfolípidos, con las colas hidrofóbicas orientadas hacia el centro de la bicapa.<br>B. Está compuesta por proteínas y nucleótidos.<br>C. Su composición es idéntica en todos los tipos celulares.<br>D. A temperaturas fisiológicas, se comporta como una estructura rígida.<br>	"<b style=""color:green;'>✅ A. Se organiza en una bicapa de fosfolípidos, con las colas hidrofóbicas orientadas hacia el centro de la bicapa.</b><br><br><i>Apariciones: 1 veces (2024)</i>"	Fermepin2024 Unica
<b>Una función especial del REL en algunas células es la:</b><br><br>A. Síntesis de hormonas proteicas.<br>B. Síntesis de colágeno.<br>C. Síntesis de lipoproteínas.<br>D. Síntesis de glucógeno.<br>	"<b style=""color:green;'>✅ C. Síntesis de lipoproteínas.</b><br><br><i>Apariciones: 1 veces (2024)</i>"	Fermepin2024 Unica
<b>Una característica de la secreción constitutiva es que:</b><br><br>A. Las moléculas se liberan sólo cuando reciben una señal.<br>B. Las moléculas se almacenan hasta que se necesitan para llevar a cabo su función.<br>C. Las moléculas se secretan de manera basal y constante.<br>D. Las moléculas se secretan en respuesta a un ligando.<br>	"<b style=""color:green;'>✅ C. Las moléculas se secretan de manera basal y constante.</b><br><br><i>Apariciones: 1 veces (2024)</i>"	Fermepin2024 Unica
<b>Una de las funciones principales de la matriz extracelular es:</b><br><br>A. La eliminación de desechos tóxicos.<br>B. La síntesis de proteínas de membrana plasmática.<br>C. La formación del huso mitótico.<br>D. La regulación de la entrada de sustancias al interior de la célula.<br>	"<b style=""color:green;'>✅ A. La eliminación de desechos tóxicos.</b><br><br><i>Apariciones: 1 veces (2024)</i>"	Fermepin2024 Unica
<b>La molécula más abundante de la matriz extracelular (MEC) es:</b><br><br>A. La laminina.<br>B. El ácido hialurónico.<br>C. La fibronectina.<br>D. El colágeno.<br>	"<b style=""color:green;'>✅ D. El colágeno.</b><br><br><i>Apariciones: 1 veces (2024)</i>"	Fermepin2024 Unica
<b>El glucógeno y el almidón se diferencian en que:</b><br><br>A. El glucógeno forma el glicocálix y el almidón almacena energía.<br>B. Están presentes en células eucariotas animales y en procariotas, respectivamente.<br>C. El glucógeno es un homopolisacárido y el almidón un heteropolisacárido.<br>D. Son sintetizados por distintos tipos celulares eucariotas.<br>	"<b style=""color:green;'>✅ D. Son sintetizados por distintos tipos celulares eucariotas.</b><br><br><i>Apariciones: 1 veces (2024)</i>"	Fermepin2024 Unica
<b>Con relación a los virus, se puede afirmar que:</b><br><br>A. Están formados por células procariotas.<br>B. Pueden poseer ADN o ARN como material genético.<br>C. Se consideran seres vivos.<br>D. Se reproducen por fisión binaria.<br>	"<b style=""color:green;'>✅ B. Pueden poseer ADN o ARN como material genético.</b><br><br><i>Apariciones: 1 veces (2024)</i>"	Fermepin2024 Unica
<b>El citosol de las células eucariotas presenta:</b><br><br>A. Una red de tres tipos de filamentos asociados a proteínas accesorias.<br>B. ADN lineal asociado a proteínas histonas.<br>C. Organelas que pertenecen al sistema de endomembranas.<br>D. Proteasomas que asisten a las proteínas en su correcto plegamiento.<br>	"<b style=""color:green;'>✅ A. Una red de tres tipos de filamentos asociados a proteínas accesorias.</b><br><br><i>Apariciones: 1 veces (2024)</i>"	Fermepin2024 Unica
<b>La función de los ribosomas libres en el citosol se relaciona con:</b><br><br>A. La degradación y eliminación de proteínas defectuosas.<br>B. El transporte específico de proteínas hacia el núcleo.<br>C. La síntesis de lípidos destinados a la membrana celular.<br>D. La biosíntesis de proteínas.<br>	"<b style=""color:green;'>✅ D. La biosíntesis de proteínas.</b><br><br><i>Apariciones: 1 veces (2024)</i>"	Fermepin2024 Unica
<b>Un organismo para ser considerado vivo debe:</b><br><br>A. Ser un sistema cerrado y reproducirse.<br>B. Presentar una organización de componentes al azar.<br>C. Llevar a cabo los procesos de homeostasis y autopoyesis.<br>D. Ser un sistema abierto y no irritable a estímulos externos.<br>	"<b style=""color:green;'>✅ C. Llevar a cabo los procesos de homeostasis y autopoyesis.</b><br><br><i>Apariciones: 1 veces (2024)</i>"	Fermepin2024 Unica
<b>Los ribosomas libres en el citosol presentan como función:</b><br><br>A. La biosíntesis de proteínas que pueden permanecer en el citosol o se distribuyen a organelas, según la necesidad funcional.<br>B. La producción de lípidos destinados a la formación y mantenimiento de la membrana celular.<br>C. El transporte específico de proteínas hacia el núcleo, facilitando su entrada en el compartimento nuclear.<br>D. La degradación y eliminación de proteínas defectuosas mediante un proceso de proteólisis.<br>	"<b style=""color:green;'>✅ A. La biosíntesis de proteínas que pueden permanecer en el citosol o se distribuyen a organelas, según la necesidad funcional.</b><br><br><i>Apariciones: 1 veces (2024)</i>"	Fermepin2024 Unica
<b>Se puede afirmar que las células eucariotas animales:</b><br><br>A. Utilizan ADN como material genético para la transmisión hereditaria.<br>B. Carecen de sistema de endomembranas.<br>C. Pueden realizar fotosíntesis para producir carbohidratos.<br>D. Poseen una pared celular rígida para soporte estructural.<br>	"<b style=""color:green;'>✅ A. Utilizan ADN como material genético para la transmisión hereditaria.</b><br><br><i>Apariciones: 1 veces (2024)</i>"	Fermepin2024 Unica
<b>Entre las funciones de la matriz extracelular, se puede mencionar:</b><br><br>A. La síntesis de proteínas de membrana plasmática.<br>B. La eliminación de desechos tóxicos.<br>C. La formación del huso mitótico.<br>D. La regulación de la entrada de sustancias al interior de la célula.<br>	"<b style=""color:green;'>✅ B. La eliminación de desechos tóxicos.</b><br><br><i>Apariciones: 1 veces (2024)</i>"	Fermepin2024 Unica
<b>Puede afirmarse que en la matriz extracelular:</b><br><br>A. La molécula más abundante es el colágeno.<br>B. La molécula más abundante es la fibronectina.<br>C. La molécula más abundante es el ácido hialurónico.<br>D. La molécula más abundante es la laminina.<br>	"<b style=""color:green;'>✅ A. La molécula más abundante es el colágeno.</b><br><br><i>Apariciones: 1 veces (2024)</i>"	Fermepin2024 Unica
<b>Dentro de las características presentes en un organismo que se considera vivo se encuentra:</b><br><br>A. Que sus componentes estén organizados al azar.<br>B. Que sean capaces de realizar homeostasis y autopoyesis.<br>C. Que no respondan a estímulos externos pero que sean sistemas abiertos.<br>D. Que se reproduzcan y sean sistemas cerrados.<br>	"<b style=""color:green;'>✅ B. Que sean capaces de realizar homeostasis y autopoyesis.</b><br><br><i>Apariciones: 1 veces (2024)</i>"	Fermepin2024 Unica
<b>El transporte pasivo se caracteriza porque:</b><br><br>A. Ocurre a favor del gradiente de concentración.<br>B. Las moléculas de mayor tamaño son capaces de atravesar fácilmente la membrana.<br>C. Hidroliza ATP para obtener energía.<br>D. Intervienen bombas iónicas.<br>	"<b style=""color:green;'>✅ A. Ocurre a favor del gradiente de concentración.</b><br><br><i>Apariciones: 1 veces (2024)</i>"	Fermepin2024 Unica
<b>Tanto el ARN como el ADN:</b><br><br>A. Posee una hexosa como parte de su estructura.<br>B. Están formados por nucleótidos que se unen mediante uniones glucosídicas.<br>C. Presentan a la guanina como base purínica.<br>D. Tienen un papel fundamental en la obtención de energía celular.<br>	"<b style=""color:green;'>✅ C. Presentan a la guanina como base purínica.</b><br><br><i>Apariciones: 1 veces (2024)</i>"	Fermepin2024 Unica
<b>Con relación a la función de los neurofilamentos en las neuronas, se afirma que:</b><br><br>A. Unen filamentos de actina.<br>B. Forman el núcleo celular.<br>C. Regulan la motilidad celular.<br>D. Proporcionan estructura a dendritas y axones.<br>	"<b style=""color:green;'>✅ D. Proporcionan estructura a dendritas y axones.</b><br><br><i>Apariciones: 1 veces (2024)</i>"	Fermepin2024 Unica
<b>La fluidez de las membranas celulares disminuye cuando:</b><br><br>A. Aumenta la presencia de colesterol.<br>B. Aumenta la temperatura.<br>C. Aumentan los ácidos grasos insaturados en los fosfolípidos.<br>D. Aumentan los ácidos grasos cortos en los fosfolípidos.<br>	"<b style=""color:green;'>✅ A. Aumenta la presencia de colesterol.</b><br><br><i>Apariciones: 1 veces (2024)</i>"	Fermepin2024 Unica
<b>Como diferencias entre organismos eucariotas y procariotas, se puede mencionar que los procariotas:</b><br><br>A. Presentan ADN desnudo como material genético.<br>B. Carecen de membrana plasmática.<br>C. Poseen sistema de endomembranas.<br>D. Presentan múltiples cromosomas.<br>	"<b style=""color:green;'>✅ A. Presentan ADN desnudo como material genético.</b><br><br><i>Apariciones: 1 veces (2024)</i>"	Fermepin2024 Unica
<b>La laminina se encuentra presente en las uniones celulares denominadas:</b><br><br>A. Oclusivas.<br>B. Hemidesmosomas.<br>C. Comunicantes.<br>D. Adherentes.<br>	"<b style=""color:green;'>✅ B. Hemidesmosomas.</b><br><br><i>Apariciones: 1 veces (2024)</i>"	Fermepin2024 Unica
<b>En algunas células, el REL tiene como función especial:</b><br><br>A. La síntesis de lipoproteínas.<br>B. La síntesis de glucógeno.<br>C. La O-glicosilación de las proteínas.<br>D. La síntesis de hormonas proteicas.<br>	"<b style=""color:green;'>✅ A. La síntesis de lipoproteínas.</b><br><br><i>Apariciones: 1 veces (2024)</i>"	Fermepin2024 Unica
<b>Con relación a los microtúbulos, la configuración “9+2” está presente en:</b><br><br>A. Microvellosidades.<br>B. Centríolos.<br>C. Cuerpos basales.<br>D. Axonema.<br>	"<b style=""color:green;'>✅ D. Axonema.</b><br><br><i>Apariciones: 1 veces (2024)</i>"	Fermepin2024 Unica
<b>En la secreción de tipo constitutiva:</b><br><br>A. Las moléculas se secretan de manera basal y constante.<br>B. Las moléculas se excretan por acción de un ligando.<br>C. Las moléculas se almacenan hasta que se necesitan para cumplir una función.<br>D. Las moléculas se liberan sólo cuando reciben una señal.<br>	"<b style=""color:green;'>✅ A. Las moléculas se secretan de manera basal y constante.</b><br><br><i>Apariciones: 1 veces (2024)</i>"	Fermepin2024 Unica
<b>Una similitud entre el glucógeno y el almidón es que:</b><br><br>A. Ambos son sintetizados en las células animales.<br>B. Ambos son homopolisacáridos.<br>C. Ambos están presentes en células procariotas.<br>D. Ambas moléculas forman parte del glucocálix.<br>	"<b style=""color:green;'>✅ B. Ambos son homopolisacáridos.</b><br><br><i>Apariciones: 1 veces (2024)</i>"	Fermepin2024 Unica
<b>Una característica de la bomba de $Na^{+} / K^{+}$ ATPasa es que:</b><br><br>A. Es un sistema de contratransporte.<br>B. Permite el movimiento de 3 $K^{+}$ y 2 $Na^{+}$ a través de la membrana celular.<br>C. Es una proteína integral de dos subunidades.<br>D. Utiliza GTP para obtener energía.<br>	"<b style=""color:green;'>✅ A. Es un sistema de contratransporte.</b><br><br><i>Apariciones: 1 veces (2024)</i>"	Fermepin2024 Unica
<b>El plegamiento de proteínas en el citosol:</b><br><br>A. Requiere de la participación de las ubiquitinas.<br>B. Es mediado por las ubiquitinas.<br>C. Es dirigido por los proteasomas.<br>D. Consume energía derivada del ATP.<br>	"<b style=""color:green;'>✅ D. Consume energía derivada del ATP.</b><br><br><i>Apariciones: 1 veces (2024)</i>"	Fermepin2024 Unica
<b>Con relación a la viscosidad del citosol, se afirma que:</b><br><br>A. Carece de efecto sobre la eficiencia de las reacciones metabólicas ya que no influye en el entorno químico.<br>B. Influye sobre la difusión y el transporte de moléculas y organelas a través del citoplasma.<br>C. Permanece constante entre diferentes tipos de células y no está influenciada por el entorno celular.<br>D. Es idéntica a la del agua pura debido a la ausencia de macromoléculas.<br>	"<b style=""color:green;'>✅ B. Influye sobre la difusión y el transporte de moléculas y organelas a través del citoplasma.</b><br><br><i>Apariciones: 1 veces (2024)</i>"	Fermepin2024 Unica
<b>Dos organismos de la misma Clase comparten:</b><br><br>A. La Especie.<br>B. El Género.<br>C. El Phylum.<br>D. El Orden.<br>	"<b style=""color:green;'>✅ C. El Phylum.</b><br><br><i>Apariciones: 1 veces (2024)</i>"	Fermepin2024 Unica
<b>De la difusión facilitada, podemos afirmar que:</b><br><br>A. Es un tipo de transporte activo.<br>B. Se produce mediante proteínas transportadoras.<br>C. Tiene lugar a través de vesículas.<br>D. Se clasifica en endocitosis y exocitosis.<br>	"<b style=""color:green;'>✅ B. Se produce mediante proteínas transportadoras.</b><br><br><i>Apariciones: 1 veces (2024)</i>"	Fermepin2024 Unica
<b>Una de las funciones del RER es la:</b><br><br>A. Secreción de hormonas esteroideas.<br>B. Síntesis de proteínas.<br>C. Detoxificación.<br>D. Glicosilación de lípidos.<br>	"<b style=""color:green;'>✅ B. Síntesis de proteínas.</b><br><br><i>Apariciones: 1 veces (2024)</i>"	Fermepin2024 Unica
<b>Las moléculas de ADN y ARN se asemejan en que:</b><br><br>A. Presentan un extremo 5’ con un fosfato y un extremo 3’ con un COOH.<br>B. Presentan las mismas bases purínicas.<br>C. Sus nucleótidos se unen por enlaces de tipo amida.<br>D. Son bicatenarias.<br>	"<b style=""color:green;'>✅ B. Presentan las mismas bases purínicas.</b><br><br><i>Apariciones: 1 veces (2024)</i>"	Fermepin2024 Unica
<b>Una función de la lámina nuclear en la célula es:</b><br><br>A. Transportar macromoléculas hacia el núcleo.<br>B. Estar formada por neurofilamentos.<br>C. Proveer forma y resistencia mecánica a la envoltura nuclear.<br>D. Regular la replicación del ADN.<br>	"<b style=""color:green;'>✅ C. Proveer forma y resistencia mecánica a la envoltura nuclear.</b><br><br><i>Apariciones: 1 veces (2024)</i>"	Fermepin2024 Unica
<b>En la lámina basal se encuentra como principal constituyente:</b><br><br>A. Colágeno IV.<br>B. Colágeno III.<br>C. Colágeno II.<br>D. Colágeno IX.<br>	"<b style=""color:green;'>✅ A. Colágeno IV.</b><br><br><i>Apariciones: 1 veces (2024)</i>"	Fermepin2024 Unica
<b>Se afirma que los conexones:</b><br><br>A. Son estructuras dinámicas.<br>B. Forman un canal para el paso de macromoléculas.<br>C. Resultan de la asociación de cuatro proteínas idénticas.<br>D. Están formados por microfilamentos.<br>	"<b style=""color:green;'>✅ A. Son estructuras dinámicas.</b><br><br><i>Apariciones: 1 veces (2024)</i>"	Fermepin2024 Unica
<b>Una característica de las membranas celulares procariontes es:</b><br><br>A. Su impermeabilidad y, por lo tanto, el nulo pasaje de iones.<br>B. Estar formada por peptidoglicano.<br>C. Ser una monocapa de fosfolípidos.<br>D. Poseer complejos proteicos con actividad metabólica.<br>	"<b style=""color:green;'>✅ D. Poseer complejos proteicos con actividad metabólica.</b><br><br><i>Apariciones: 1 veces (2024)</i>"	Fermepin2024 Unica
<b>En el proteoplasma de una bacteria, podemos encontrar:</b><br><br>A. Ribosomas 80S.<br>B. Mitocondrias.<br>C. Lisosomas.<br>D. Ácidos nucleicos.<br>	"<b style=""color:green;'>✅ D. Ácidos nucleicos.</b><br><br><i>Apariciones: 1 veces (2024)</i>"	Fermepin2024 Unica
<b>La función del colesterol en la membrana plasmática es:</b><br><br>A. Modular la fluidez de la membrana.<br>B. Mediar el proceso de exocitosis.<br>C. Facilitar la transferencia de iones a través de la membrana.<br>D. Formar parte de las proteínas periféricas.<br>	"<b style=""color:green;'>✅ A. Modular la fluidez de la membrana.</b><br><br><i>Apariciones: 1 veces (2024)</i>"	Fermepin2024 Unica
<b>Con relación a la $Na^{+}/K^{+}$-ATPasa, se afirma que:</b><br><br>A. Transporta $Na^{+}$ y $K^{+}$ bidireccionalmente sin gasto de energía.<br>B. Transporta $Na^{+}$ hacia el exterior y $K^{+}$ hacia el interior, en contra del gradiente electroquímico.<br>C. Transporta $Na^{+}$ y $K^{+}$ al exterior, a favor del gradiente electroquímico.<br>D. Transporta $Na^{+}$ y $K^{+}$ al interior de la célula, con gasto de energía.<br>	"<b style=""color:green;'>✅ B. Transporta $Na^{+}$ hacia el exterior y $K^{+}$ hacia el interior, en contra del gradiente electroquímico.</b><br><br><i>Apariciones: 1 veces (2024)</i>"	Fermepin2024 Unica
<b>La conexión entre dos células epiteliales denominada en hendidura hace referencia a:</b><br><br>A. La unión comunicante.<br>B. El desmosoma.<br>C. La unión oclusiva.<br>D. El cinturón adhesivo.<br>	"<b style=""color:green;'>✅ A. La unión comunicante.</b><br><br><i>Apariciones: 1 veces (2024)</i>"	Fermepin2024 Unica
<b>Se puede afirmar que la estructura terciaria de una proteína es:</b><br><br>A. Un conjunto de aminoácidos consecutivos unidos entre sí por puentes de hidrógeno.<br>B. La conformación tridimensional específica adoptada por una proteína.<br>C. La interacción de múltiples cadenas polipeptídicas para formar una estructura funcional.<br>D. La presencia de modificaciones postraduccionales en una proteína.<br>	"<b style=""color:green;'>✅ B. La conformación tridimensional específica adoptada por una proteína.</b><br><br><i>Apariciones: 1 veces (2024)</i>"	Fermepin2024 Unica
<b>Una semejanza entre la celulosa y el almidón es que:</b><br><br>A. Están formados por el mismo monosacárido, la galactosa.<br>B. Están presentes en células eucariotas animales.<br>C. Son homopolisacáridos.<br>D. Forman parte del glucocálix<br>	"<b style=""color:green;'>✅ C. Son homopolisacáridos.</b><br><br><i>Apariciones: 1 veces (2024)</i>"	Fermepin2024 Unica
<b>Las propiedades dinámicas de las membranas celulares están dadas por:</b><br><br>A. La simetría entre ambas caras<br>B. La presencia de lípidos inmóviles sin desplazamiento.<br>C. El gradiente de concentración de iones sodio y potasio.<br>D. La rotación y el movimiento lateral de los fosfolípidos.<br>	"<b style=""color:green;'>✅ D. La rotación y el movimiento lateral de los fosfolípidos.</b><br><br><i>Apariciones: 1 veces (2024)</i>"	Fermepin2024 Unica
<b>Los filamentos de actina contribuyen a la motilidad celular:</b><br><br>A. Mediante el transporte de organoides.<br>B. Al formar el eje de los cilios.<br>C. A través de la formación de lamelipodios y filopodios.<br>D. Al unirse con microtúbulos en el axón.<br>	"<b style=""color:green;'>✅ C. A través de la formación de lamelipodios y filopodios.</b><br><br><i>Apariciones: 1 veces (2024)</i>"	Fermepin2024 Unica
<b>Acerca de los glicolípidos, es correcto afirmar que:</b><br><br>A. Se clasifican en cerebrósidos y gangliósidos.<br>B. Mayoritariamente son esfingolípidos.<br>C. Los gangliósidos se forman por la unión de una glucosa o galactosa y una ceramida.<br>D. Son lípidos que derivan del ciclopentanoperhidrofenantreno.<br>	"<b style=""color:green;'>✅ A. Se clasifican en cerebrósidos y gangliósidos.</b><br><br><i>Apariciones: 1 veces (2024)</i>"	Fermepin2024 Unica
<b>En la fase fluida de la matriz extracelular se pueden encontrar:</b><br><br>A. Los proteoglicanos.<br>B. La fibronectina.<br>C. El colágeno.<br>D. La laminina.<br>	"<b style=""color:green;'>✅ A. Los proteoglicanos.</b><br><br><i>Apariciones: 1 veces (2024)</i>"	Fermepin2024 Unica
<b>Con relación al colesterol en la membrana plasmática, se afirma que:</b><br><br>A. Forma parte de las proteínas periféricas.<br>B. Regula la fluidez de la membrana.<br>C. Facilita la transferencia de iones a través de la membrana.<br>D. Media el proceso de exocitosis.<br>	"<b style=""color:green;'>✅ B. Regula la fluidez de la membrana.</b><br><br><i>Apariciones: 1 veces (2024)</i>"	Fermepin2024 Unica
<b>Si dos organismos son de la misma Clase, comparten sí o sí:</b><br><br>A. El Orden.<br>B. El Phylum.<br>C. El Género.<br>D. La Especie.<br>	"<b style=""color:green;'>✅ B. El Phylum.</b><br><br><i>Apariciones: 1 veces (2024)</i>"	Fermepin2024 Unica
<b>Las células procariotas poseen membranas que:</b><br><br>A. Están involucradas en la endocitosis y la exocitosis.<br>B. Presentan actividad metabólica en sus complejos proteicos.<br>C. Son impermeables al paso de iones.<br>D. Son simétricas en ambas caras, la interna y la externa.<br>	"<b style=""color:green;'>✅ B. Presentan actividad metabólica en sus complejos proteicos.</b><br><br><i>Apariciones: 1 veces (2024)</i>"	Fermepin2024 Unica
<b>Con relación al protoplasma, se afirma que puede contener:</b><br><br>A. Lisosomas.<br>B. Mitocondrias.<br>C. Ácidos nucleicos.<br>D. Ribosomas 80S.<br>	"<b style=""color:green;'>✅ C. Ácidos nucleicos.</b><br><br><i>Apariciones: 1 veces (2024)</i>"	Fermepin2024 Unica
<b>Se afirma que la difusión simple:</b><br><br>A. Se produce mediante proteínas transportadoras.<br>B. Utiliza vesículas transportadoras.<br>C. Es un mecanismo de transporte activo.<br>D. Permite que moléculas pequeñas y sin carga atraviesen la membrana plasmática.<br>	"<b style=""color:green;'>✅ D. Permite que moléculas pequeñas y sin carga atraviesen la membrana plasmática.</b><br><br><i>Apariciones: 1 veces (2024)</i>"	Fermepin2024 Unica
<b>Una similitud entre el almidón y la celulosa es que:</b><br><br>A. Forman parte del glucocálix.<br>B. Son homopolisacáridos.<br>C. Están presentes en células eucariotas animales.<br>D. Están formados por el mismo monosacárido, la galactosa.<br>	"<b style=""color:green;'>✅ B. Son homopolisacáridos.</b><br><br><i>Apariciones: 1 veces (2024)</i>"	Fermepin2024 Unica
<b>La estructura terciaria de una proteína se puede definir como:</b><br><br>A. Un conjunto de aminoácidos consecutivos unidos entre sí por puentes de hidrógeno.<br>B. La conformación tridimensional específica adoptada por una proteína.<br>C. La interacción de múltiples cadenas polipeptídicas para formar una estructura funcional.<br>D. La presencia de modificaciones postraduccionales en una proteína.<br>	"<b style=""color:green;'>✅ B. La conformación tridimensional específica adoptada por una proteína.</b><br><br><i>Apariciones: 1 veces (2024)</i>"	Fermepin2024 Unica
<b>Respecto de los conexones:</b><br><br>A. Resultan de la asociación de cuatro proteínas idénticas.<br>B. Están formados por microfilamentos.<br>C. Forman un canal para el paso de macromoléculas.<br>D. Son estructuras dinámicas.<br>	"<b style=""color:green;'>✅ D. Son estructuras dinámicas.</b><br><br><i>Apariciones: 1 veces (2024)</i>"	Fermepin2024 Unica
<b>El principal constituyente de la membrana basal es:</b><br><br>A. Colágeno IX.<br>B. Colágeno IV.<br>C. Colágeno III.<br>D. Colágeno II.<br>	"<b style=""color:green;'>✅ B. Colágeno IV.</b><br><br><i>Apariciones: 1 veces (2024)</i>"	Fermepin2024 Unica
<b>La conexión existente entre dos células epiteliales está conformada por:</b><br><br>A. La unión oclusiva.<br>B. El cinturón adhesivo.<br>C. La unión gap.<br>D. El desmosoma.<br>	"<b style=""color:green;'>✅ C. La unión gap.</b><br><br><i>Apariciones: 1 veces (2024)</i>"	Fermepin2024 Unica
<b>Una función asociada con el RER es:</b><br><br>A. Detoxificación.<br>B. Desfosforilación de glucosa 6-fosfato.<br>C. Síntesis de proteínas.<br>D. Secreción de hormonas esteroideas.<br>	"<b style=""color:green;'>✅ C. Síntesis de proteínas.</b><br><br><i>Apariciones: 1 veces (2024)</i>"	Fermepin2024 Unica
<b>Un elemento de la fase fluida de la matriz extracelular es:</b><br><br>A. La laminina.<br>B. El proteoglicano.<br>C. El colágeno.<br>D. La fibronectina.<br>	"<b style=""color:green;'>✅ B. El proteoglicano.</b><br><br><i>Apariciones: 1 veces (2024)</i>"	Fermepin2024 Unica
<b>La contribución de los filamentos de actina a la motilidad celular tiene lugar:</b><br><br>A. Por unión con microtúbulos en el axón.<br>B. Al formar el eje de los cilios.<br>C. Mediante el transporte de organoides.<br>D. A través de la formación de lamelipodios y filopodios.<br>	"<b style=""color:green;'>✅ D. A través de la formación de lamelipodios y filopodios.</b><br><br><i>Apariciones: 1 veces (2024)</i>"	Fermepin2024 Unica
<b>Con relación a la lámina nuclear, se afirma que:</b><br><br>A. Está formada por neurofilamentos.<br>B. Provee forma y resistencia mecánica a la envoltura nuclear.<br>C. Transporta macromoléculas hacia el núcleo.<br>D. Regula la replicación del ADN.<br>	"<b style=""color:green;'>✅ B. Provee forma y resistencia mecánica a la envoltura nuclear.</b><br><br><i>Apariciones: 1 veces (2024)</i>"	Fermepin2024 Unica
<b>Se afirma que los glicolípidos:</b><br><br>A. Son lípidos que derivan del ciclopentanoperhidrofenantreno.<br>B. Los gangliósidos se forman por la unión de una glucosa o galactosa y una ceramida.<br>C. Mayoritariamente son esfingolípidos.<br>D. Se clasifican en cerebrósidos y gangliósidos.<br>	"<b style=""color:green;'>✅ D. Se clasifican en cerebrósidos y gangliósidos.</b><br><br><i>Apariciones: 1 veces (2024)</i>"	Fermepin2024 Unica
<b>En condiciones normales, la bomba $Na^{+}/K^{+}$-ATPasa transporta:</b><br><br>A. $$Na^{+}$ y $K^{+}$ bidireccionalmente a favor del gradiente electroquímico.<br>B. $$Na^{+}$ y $K^{+}$ al interior de la célula, con gasto de energía.<br>C. $$Na^{+}$ y $K^{+}$ bidireccionalmente, sin gasto de energía.<br>D. $$Na^{+}$ hacia el exterior y $K^{+}$ hacia el interior, en contra del gradiente electroquímico.<br>	"<b style=""color:green;'>✅ D. $$Na^{+}$ hacia el exterior y $K^{+}$ hacia el interior, en contra del gradiente electroquímico.</b><br><br><i>Apariciones: 1 veces (2024)</i>"	Fermepin2024 Unica
<b>Se afirma que la viscosidad del citosol:</b><br><br>A. Influye sobre la difusión y el transporte de moléculas y organelas a través del citoplasma.<br>B. Carece de efecto sobre la eficiencia de las reacciones metabólicas ya que no influye en el entorno químico.<br>C. Permanece constante entre diferentes tipos de células y no está influenciada por el estado fisiológico.<br>D. Es idéntica a la del agua pura debido a la ausencia de macromoléculas.<br>	"<b style=""color:green;'>✅ A. Influye sobre la difusión y el transporte de moléculas y organelas a través del citoplasma.</b><br><br><i>Apariciones: 1 veces (2024)</i>"	Fermepin2024 Unica
<b>En la célula, la principal función de los ácidos nucleicos es:</b><br><br>A. Funcionar como cofactor de una enzima.<br>B. Delimitar las organelas.<br>C. Conformar las estructuras a través de las que se transportan solutos.<br>D. Contener la información genética.<br>	"<b style=""color:green;'>✅ D. Contener la información genética.</b><br><br><i>Apariciones: 1 veces (2025)</i>"	Fermepin2025 Unica
<b>La membrana de los autofagosomas proviene del:</b><br><br>A. REL.<br>B. RER.<br>C. Complejo de Golgi.<br>D. Lisosoma.<br>	"<b style=""color:green;'>✅ A. REL.</b><br><br><i>Apariciones: 1 veces (2025)</i>"	Fermepin2025 Unica
<b>Los dermatán y queratán sulfatos que constituyen la matriz extracelular son glicosaminoglicanos:</b><br><br>A. Sin carga, y por lo tanto atraen sustancias hidrofóbicas.<br>B. Anfóteros, y atraen cargas positivas y negativas.<br>C. Con carga negativa, y atraen iones como el $Na^{+}$.<br>D. Básicos, y atraen iones como el $Cl^{-}$.<br>	"<b style=""color:green;'>✅ C. Con carga negativa, y atraen iones como el $Na^{+}$.</b><br><br><i>Apariciones: 1 veces (2025)</i>"	Fermepin2025 Unica
<b>El ADN y el ARN se distinguen en que:</b><br><br>A. La molécula de ADN presenta polaridad.<br>B. El ADN puede presentar la base nitrogenada timina en su composición.<br>C. El primero está formado por ribonucleótidos.<br>D. El segundo presenta una conformación de doble hélice.<br>	"<b style=""color:green;'>✅ B. El ADN puede presentar la base nitrogenada timina en su composición.</b><br><br><i>Apariciones: 1 veces (2025)</i>"	Fermepin2025 Unica
<b>Sobre los canales iónicos, es correcto afirmar que:</b><br><br>A. Son un tipo de transporte activo transmembrana.<br>B. Pueden ser regulados por el potencial de membrana.<br>C. Su mecanismo de transporte es no saturable.<br>D. Están conformados por proteínas periféricas.<br>	"<b style=""color:green;'>✅ B. Pueden ser regulados por el potencial de membrana.</b><br><br><i>Apariciones: 1 veces (2025)</i>"	Fermepin2025 Unica
<b>Los ácidos grasos pueden ser saturados o insaturados según:</b><br><br>A. Sean anfipáticos.<br>B. Sean más largos o más cortos.<br>C. Presenten dobles enlaces en su estructura.<br>D. Se encuentren esterificados.<br>	"<b style=""color:green;'>✅ C. Presenten dobles enlaces en su estructura.</b><br><br><i>Apariciones: 1 veces (2025)</i>"	Fermepin2025 Unica
<b>Las células eucariotas se diferencian de las procariotas en que:</b><br><br>A. En su citoplasma presentan una región llamada nucleoide.<br>B. Presentan cromosomas lineales contenidos en el núcleo.<br>C. Tienen una pared celular formada por fosfolípidos.<br>D. Normalmente las primeras son más pequeñas.<br>	"<b style=""color:green;'>✅ B. Presentan cromosomas lineales contenidos en el núcleo.</b><br><br><i>Apariciones: 1 veces (2025)</i>"	Fermepin2025 Unica
<b>Es correcto decir que el enlace glicosídico:</b><br><br>A. Media la unión de bases nitrogenadas entre sí.<br>B. Une monómeros de glucosa para conformar, por ejemplo, el almidón.<br>C. Es una unión de tipo fosfodiéster.<br>D. Permite la unión entre unidades de isopreno para formar los esteroides.<br>	"<b style=""color:green;'>✅ B. Une monómeros de glucosa para conformar, por ejemplo, el almidón.</b><br><br><i>Apariciones: 1 veces (2025)</i>"	Fermepin2025 Unica
<b>En la célula muscular, la contracción se produce por la interacción entre:</b><br><br>A. Los microtúbulos y las proteínas motoras.<br>B. Los filamentos intermedios y las integrinas.<br>C. Las fibras colágenas y las proteínas de la matriz extracelular.<br>D. Los filamentos de actina y miosina.<br>	"<b style=""color:green;'>✅ D. Los filamentos de actina y miosina.</b><br><br><i>Apariciones: 1 veces (2025)</i>"	Fermepin2025 Unica
<b>Sobre el glucocáliz se puede afirmar que:</b><br><br>A. Presenta funciones de protección mecánica y de reconocimiento entre células.<br>B. Los hidratos de carbono que lo componen se hallan unidos a nucleótidos.<br>C. Se localiza en la cara interna de la membrana plasmática.<br>D. Otorga impermeabilidad a la célula, evitando el paso de moléculas al interior de la misma.<br>	"<b style=""color:green;'>✅ A. Presenta funciones de protección mecánica y de reconocimiento entre células.</b><br><br><i>Apariciones: 1 veces (2025)</i>"	Fermepin2025 Unica
<b>Respecto de la pinocitosis, es posible afirmar que:</b><br><br>A. Constituye un tipo de exocitosis.<br>B. Puede ser inespecífica o regulada.<br>C. Constituye un medio de defensa para eliminar partículas extrañas.<br>D. Genera prolongaciones de la membrana denominadas pseudópodos.<br>	"<b style=""color:green;'>✅ B. Puede ser inespecífica o regulada.</b><br><br><i>Apariciones: 1 veces (2025)</i>"	Fermepin2025 Unica
<b>Respecto de los tipos de proteínas que constituyen el citoesqueleto de la célula y sus funciones es cierto que:</b><br><br>A. Las proteínas motoras están encargadas de unirse a otras proteínas y regular su actividad.<br>B. Las proteínas ligadoras permiten el movimiento de los orgánulos dentro de la célula.<br>C. Las proteínas reguladoras controlan la organización y los cambios del citoesqueleto.<br>D. Las proteínas de señalización son responsables de controlar el ensamblaje del citoesqueleto.<br>	"<b style=""color:green;'>✅ C. Las proteínas reguladoras controlan la organización y los cambios del citoesqueleto.</b><br><br><i>Apariciones: 1 veces (2025)</i>"	Fermepin2025 Unica
<b>Son ejemplos de materia inerte:</b><br><br>A. El corazón.<br>B. Los linfocitos.<br>C. El retículo endoplasmático liso.<br>D. El sistema circulatorio.<br>	"<b style=""color:green;'>✅ C. El retículo endoplasmático liso.</b><br><br><i>Apariciones: 1 veces (2025)</i>"	Fermepin2025 Unica
<b>La difracción de rayos X permite:</b><br><br>A. Ver organelas celulares.<br>B. Identificar los componentes químicos de una muestra.<br>C. Observar la pared celular.<br>D. Conocer la estructura tridimensional del ADN.<br>	"<b style=""color:green;'>✅ D. Conocer la estructura tridimensional del ADN.</b><br><br><i>Apariciones: 1 veces (2025)</i>"	Fermepin2025 Unica
<b>Una característica que comparten los componentes del sistema de endomembranas es que:</b><br><br>A. Son organelas formadas por una única estructura continua.<br>B. Están formados por una bicapa lipídica.<br>C. Poseen una cara de entrada y una cara de salida.<br>D. Poseen un pH luminal de 5.<br>	"<b style=""color:green;'>✅ B. Están formados por una bicapa lipídica.</b><br><br><i>Apariciones: 1 veces (2025)</i>"	Fermepin2025 Unica
<b>Los ribosomas eucariotas y procariotas tienen en común que:</b><br><br>A. Ambos pueden hallarse en el citosol de la célula.<br>B. Tienen el mismo coeficiente de sedimentación.<br>C. Ambos se encuentran en el retículo endoplásmico.<br>D. Ambos se unen a ARN mensajeros policistrónicos.<br>	"<b style=""color:green;'>✅ A. Ambos pueden hallarse en el citosol de la célula.</b><br><br><i>Apariciones: 1 veces (2025)</i>"	Fermepin2025 Unica
<b>Durante el proceso de ósmosis:</b><br><br>A. El agua atraviesa la membrana tanto por difusión simple como por transporte activo por bombas.<br>B. El agua es transportada de un lado a otro de la membrana junto con solutos disueltos en ella.<br>C. El agua, al ser polar, está impedida de transportarse por difusión simple, por lo que requiere de la difusión facilitada.<br>D. El agua pasa desde la zona de menor concentración de solutos a la zona de mayor concentración de solutos.<br>	"<b style=""color:green;'>✅ D. El agua pasa desde la zona de menor concentración de solutos a la zona de mayor concentración de solutos.</b><br><br><i>Apariciones: 1 veces (2025)</i>"	Fermepin2025 Unica
<b>Podemos hallar tanto organismos pluricelulares como unicelulares en el reino:</b><br><br>A. Animalia.<br>B. Monera.<br>C. Fungi.<br>D. Plantae.<br>	"<b style=""color:green;'>✅ C. Fungi.</b><br><br><i>Apariciones: 1 veces (2025)</i>"	Fermepin2025 Unica
<b>Respecto del glucocáliz, es cierto que:</b><br><br>A. Los hidratos de carbono que lo constituyen se hallan unidos a lípidos y proteínas de la membrana plasmática.<br>B. Se localiza en la cara interna de la membrana plasmática.<br>C. Otorga impermeabilidad a la célula, evitando el paso de moléculas al interior de la misma.<br>D. Entre sus funciones se puede mencionar la determinación de la forma celular.<br>	"<b style=""color:green;'>✅ A. Los hidratos de carbono que lo constituyen se hallan unidos a lípidos y proteínas de la membrana plasmática.</b><br><br><i>Apariciones: 1 veces (2025)</i>"	Fermepin2025 Unica
<b>Los autofagosomas rodean el material a degradar con una membrana que se origina en el:</b><br><br>A. Complejo de Golgi.<br>B. Lisosoma.<br>C. REL.<br>D. RER.<br>	"<b style=""color:green;'>✅ C. REL.</b><br><br><i>Apariciones: 1 veces (2025)</i>"	Fermepin2025 Unica
<b>Es ejemplo de materia viva:</b><br><br>A. El sistema circulatorio.<br>B. El retículo endoplasmático liso.<br>C. El nitrógeno.<br>D. Un anticuerpo.<br>	"<b style=""color:green;'>✅ A. El sistema circulatorio.</b><br><br><i>Apariciones: 1 veces (2025)</i>"	Fermepin2025 Unica
<b>Respecto de los compartimentos del sistema de endomembranas, es posible afirmar que:</b><br><br>A. Son organelas formadas por una única estructura continua.<br>B. Poseen una cara de entrada y una cara de salida.<br>C. Poseen un pH luminal de 5.<br>D. Se comunican mediante vesículas transportadoras.<br>	"<b style=""color:green;'>✅ D. Se comunican mediante vesículas transportadoras.</b><br><br><i>Apariciones: 1 veces (2025)</i>"	Fermepin2025 Unica
<b>La técnica de difracción de rayos X permite:</b><br><br>A. Observar la pared celular.<br>B. Conocer la estructura tridimensional del ADN.<br>C. Ver organelas celulares.<br>D. Identificar los componentes químicos de una muestra.<br>	"<b style=""color:green;'>✅ B. Conocer la estructura tridimensional del ADN.</b><br><br><i>Apariciones: 1 veces (2025)</i>"	Fermepin2025 Unica
<b>El condroitín y heparán sulfatos favorecen la turgencia de la matriz extracelular ya que son moléculas:</b><br><br>A. Básicas que atraen iones como el $Cl^{-}$.<br>B. Con carga negativa que atraen iones como el $Na^{+}$.<br>C. Anfóteras que atraen cargas positivas y negativas.<br>D. Sin carga, y por lo tanto atraen sustancias hidrofóbicas.<br>	"<b style=""color:green;'>✅ B. Con carga negativa que atraen iones como el $Na^{+}$.</b><br><br><i>Apariciones: 1 veces (2025)</i>"	Fermepin2025 Unica
<b>Es correcto afirmar que durante la ósmosis, el agua:</b><br><br>A. Atraviesa la membrana por difusión simple y mediante transporte activo por bombas.<br>B. Es transportada junto con solutos disueltos en ella de un lado al otro de la membrana.<br>C. Es transportada desde la zona de menor concentración de solutos a la zona de mayor concentración de solutos.<br>D. Está impedida de transportarse por difusión simple dada su naturaleza polar, por lo que requiere de la difusión facilitada.<br>	"<b style=""color:green;'>✅ C. Es transportada desde la zona de menor concentración de solutos a la zona de mayor concentración de solutos.</b><br><br><i>Apariciones: 1 veces (2025)</i>"	Fermepin2025 Unica
<b>Un ácido graso es insaturado si:</b><br><br>A. Es anfipático.<br>B. Es corto.<br>C. Presenta dobles enlaces en su estructura.<br>D. Se encuentra esterificado.<br>	"<b style=""color:green;'>✅ C. Presenta dobles enlaces en su estructura.</b><br><br><i>Apariciones: 1 veces (2025)</i>"	Fermepin2025 Unica
<b>Los ribosomas procariotas se parecen a los eucariotas en que:</b><br><br>A. Ambos se encuentran en el retículo endoplásmico.<br>B. Ambos se unen a ARN mensajeros policistrónicos.<br>C. Ambos pueden hallarse en el citosol de la célula.<br>D. Presentan el mismo coeficiente de sedimentación.<br>	"<b style=""color:green;'>✅ C. Ambos pueden hallarse en el citosol de la célula.</b><br><br><i>Apariciones: 1 veces (2025)</i>"	Fermepin2025 Unica
<b>A diferencia del ADN, el ARN:</b><br><br>A. Presenta polaridad.<br>B. Puede presentar la base nitrogenada timina en su composición.<br>C. Está formado por ribonucleótidos.<br>D. Presenta una conformación de doble hélice.<br>	"<b style=""color:green;'>✅ C. Está formado por ribonucleótidos.</b><br><br><i>Apariciones: 1 veces (2025)</i>"	Fermepin2025 Unica
<b>En cuanto al enlace glicosídico es correcto que:</b><br><br>A. Une monómeros de glucosa para conformar, por ejemplo, el glucógeno.<br>B. Une bases nitrogenadas entre sí.<br>C. Forma los esteroides al unir unidades de isopreno entre sí.<br>D. Es covalente y de tipo fosfodiéster.<br>	"<b style=""color:green;'>✅ A. Une monómeros de glucosa para conformar, por ejemplo, el glucógeno.</b><br><br><i>Apariciones: 1 veces (2025)</i>"	Fermepin2025 Unica
<b>Respecto de las cubiertas de COPI y COPII, es cierto que:</b><br><br>A. COPI dirige el transporte de vesículas desde el retículo endoplasmático al núcleo, y COPII al contrario.<br>B. COPI y COPII son responsables del tráfico de vesículas entre el aparato de Golgi y el retículo endoplasmático.<br>C. Se trata de cubiertas lipídicas que guían la fusión de vesículas.<br>D. COPI y COPII son responsables del tráfico de vesículas hacia y desde la membrana plasmática.<br>	"<b style=""color:green;'>✅ B. COPI y COPII son responsables del tráfico de vesículas entre el aparato de Golgi y el retículo endoplasmático.</b><br><br><i>Apariciones: 1 veces (2025)</i>"	Fermepin2025 Unica
<b>Podemos hallar tanto organismos unicelulares como pluricelulares en el reino:</b><br><br>A. Protista.<br>B. Plantae.<br>C. Monera.<br>D. Animalia.<br>	"<b style=""color:green;'>✅ A. Protista.</b><br><br><i>Apariciones: 1 veces (2025)</i>"	Fermepin2025 Unica
<b>Respecto de la fagocitosis, es posible afirmar que:</b><br><br>A. Constituye un tipo de exocitosis.<br>B. Puede ser inespecífica o regulada.<br>C. Comprende el ingreso de líquidos a la célula.<br>D. Es un proceso que genera prolongaciones de la membrana plasmática.<br>	"<b style=""color:green;'>✅ D. Es un proceso que genera prolongaciones de la membrana plasmática.</b><br><br><i>Apariciones: 1 veces (2025)</i>"	Fermepin2025 Unica
<b>La contracción de la célula muscular requiere la interacción de:</b><br><br>A. Las proteínas motoras con los microtúbulos.<br>B. Los filamentos de actina con los de miosina.<br>C. Las proteínas de la matriz extracelular con las fibras colágenas.<br>D. Las integrinas con los filamentos intermedios.<br>	"<b style=""color:green;'>✅ B. Los filamentos de actina con los de miosina.</b><br><br><i>Apariciones: 1 veces (2025)</i>"	Fermepin2025 Unica
<b>Los ácidos nucleicos cumplen importantes funciones en la célula, tales como:</b><br><br>A. Conformar las estructuras a través de las que se transportan solutos.<br>B. Contener la información genética.<br>C. Funcionar como cofactor de una enzima.<br>D. Delimitar las organela.<br>	"<b style=""color:green;'>✅ B. Contener la información genética.</b><br><br><i>Apariciones: 1 veces (2025)</i>"	Fermepin2025 Unica
<b>Es correcto afirmar que todo ser vivo:</b><br><br>A. Posee su material genético disperso en el citosol.<br>B. Es heterótrofo.<br>C. Es pluricelular.<br>D. Presenta irritabilidad.<br>	"<b style=""color:green;'>✅ D. Presenta irritabilidad.</b><br><br><i>Apariciones: 1 veces (2025)</i>"	Fermepin2025 Unica
<b>Respecto de las funciones que cumplen en el citoesqueleto, es cierto que las proteínas:</b><br><br>A. Ligadoras permiten el movimiento de los orgánulos dentro de la célula.<br>B. Motoras están encargadas de unirse a otras proteínas y regular su actividad.<br>C. De señalización son responsables de controlar el ensamblaje del citoesqueleto.<br>D. Reguladoras controlan la organización y los cambios del citoesqueleto.<br>	"<b style=""color:green;'>✅ D. Reguladoras controlan la organización y los cambios del citoesqueleto.</b><br><br><i>Apariciones: 1 veces (2025)</i>"	Fermepin2025 Unica
<b>Una célula muscular se diferencia de una bacteria en que:</b><br><br>A. En su citoplasma presenta una región llamada nucleoide.<br>B. Presenta cromosomas lineales contenidos en el núcleo.<br>C. Tiene una pared celular formada por fosfolípidos.<br>D. Tiene menor tamaño.<br>	"<b style=""color:green;'>✅ B. Presenta cromosomas lineales contenidos en el núcleo.</b><br><br><i>Apariciones: 1 veces (2025)</i>"	Fermepin2025 Unica
<b>Dentro de los tipos de transporte transmembrana, la difusión facilitada:</b><br><br>A. Incluye al transporte a través de canales iónicos.<br>B. Requiere energía aportada por el ATP.<br>C. Utiliza proteínas periféricas de membrana llamadas permeasas.<br>D. Es un transporte de tipo inespecífico e insaturable.<br>	"<b style=""color:green;'>✅ A. Incluye al transporte a través de canales iónicos.</b><br><br><i>Apariciones: 1 veces (2025)</i>"	Fermepin2025 Unica
<b>Una función de los lípidos es:</b><br><br>A. Catalizar reacciones metabólicas en la célula.<br>B. Ser un reservorio de energía a largo plazo.<br>C. Funcionar como solvente para las reacciones que se dan en el citosol.<br>D. Participar activamente del proceso de transferencia de la información genética.<br>	"<b style=""color:green;'>✅ B. Ser un reservorio de energía a largo plazo.</b><br><br><i>Apariciones: 1 veces (2025)</i>"	Fermepin2025 Unica
<b>Dos organismos de la misma Clase siempre comparten:</b><br><br>A. La Especie.<br>B. El Género.<br>C. El Orden.<br>D. El Phylum.<br>	"<b style=""color:green;'>✅ D. El Phylum.</b><br><br><i>Apariciones: 1 veces (2025)</i>"	Fermepin2025 Unica
<b>Respecto al Complejo de Golgi, es posible afirmar que:</b><br><br>A. Es una organela con una estructura continua.<br>B. Su cara de entrada se relaciona con la membrana plasmática.<br>C. Se encarga de la síntesis de fosfolípidos.<br>D. Es responsable de la O-glicosilación de proteínas.<br>	"<b style=""color:green;'>✅ D. Es responsable de la O-glicosilación de proteínas.</b><br><br><i>Apariciones: 1 veces (2025)</i>"	Fermepin2025 Unica
<b>La regulación de la fluidez de las membranas biológicas del cuerpo humano está mediada por:</b><br><br>A. El movimiento de flip-flop de los fosfolípidos.<br>B. El movimiento de rotación lateral de las proteínas integrales.<br>C. La insaturación de los ácidos grasos de los fosfolípidos.<br>D. La cantidad de glucolípidos que presentan.<br>	"<b style=""color:green;'>✅ C. La insaturación de los ácidos grasos de los fosfolípidos.</b><br><br><i>Apariciones: 1 veces (2025)</i>"	Fermepin2025 Unica
<b>Es correcto decir que el enlace peptídico:</b><br><br>A. Permite la unión entre un grupo amino y un grupo carboxilo.<br>B. Es un enlace que se forma entre dos átomos de carbono.<br>C. Es una unión covalente de tipo éter.<br>D. Permite la unión entre unidades de isopreno para formar los esteroides.<br>	"<b style=""color:green;'>✅ A. Permite la unión entre un grupo amino y un grupo carboxilo.</b><br><br><i>Apariciones: 1 veces (2025)</i>"	Fermepin2025 Unica
<b>Una diferencia entre las células procariotas y las eucariotas es que:</b><br><br>A. Las primeras tienen mitocondrias para la producción de energía, mientras que las segundas no.<br>B. El ADN de las segundas está contenido en un núcleo, mientras que en las primeras está libre en el citoplasma.<br>C. Las primeras tienen una pared celular, mientras que las segundas carecen de dicha estructura.<br>D. Las primeras tienen cromosomas múltiples, mientras que las segundas tienen un cromosoma circular.<br>	"<b style=""color:green;'>✅ B. El ADN de las segundas está contenido en un núcleo, mientras que en las primeras está libre en el citoplasma.</b><br><br><i>Apariciones: 1 veces (2025)</i>"	Fermepin2025 Unica
<b>En la composición de los filamentos intermedios encontramos a la:</b><br><br>A. Tubulina.<br>B. Queratina.<br>C. Actina.<br>D. Miosina.<br>	"<b style=""color:green;'>✅ B. Queratina.</b><br><br><i>Apariciones: 1 veces (2025)</i>"	Fermepin2025 Unica
<b>La estructura de la que nacen los flagelos se denomina:</b><br><br>A. Desmosoma.<br>B. Centrosoma.<br>C. Cinturón adhesivo.<br>D. Cuerpo basal.<br>	"<b style=""color:green;'>✅ D. Cuerpo basal.</b><br><br><i>Apariciones: 1 veces (2025)</i>"	Fermepin2025 Unica
<b>Una característica de las proteínas periféricas de membrana es que:</b><br><br>A. Están presentes en la hemicapa externa y ausentes en la interna, dando asimetría a la membrana.<br>B. Sus uniones a los fosfolípidos de la bicapa son de tipo covalente.<br>C. Se encuentran empotradas en la membrana, atravesando la bicapa en un solo paso.<br>D. El uso de soluciones salinas permite una fácil extracción de las mismas.<br>	"<b style=""color:green;'>✅ D. El uso de soluciones salinas permite una fácil extracción de las mismas.</b><br><br><i>Apariciones: 1 veces (2025)</i>"	Fermepin2025 Unica
<b>En relación a la membrana de los lisosomas, se afirma que:</b><br><br>A. Posee glicoproteínas que la protegen de las enzimas hidrolíticas.<br>B. Está formada por una monocapa fosfolipídica.<br>C. Tiene bombas de sodio responsables de la disminución del pH.<br>D. Contiene receptores para Manosa-6-fosfato.<br>	"<b style=""color:green;'>✅ A. Posee glicoproteínas que la protegen de las enzimas hidrolíticas.</b><br><br><i>Apariciones: 1 veces (2025)</i>"	Fermepin2025 Unica
<b>Es correcto afirmar que la membrana plasmática presenta:</b><br><br>A. Fosfatidilcolina como fosfolípido mayoritario.<br>B. Fosfatidilserina en igual proporción en ambas hemicapas.<br>C. Fosfatidiletanolamina que se localiza principalmente hacia el medio extracelular.<br>D. Fosfatidilinositol que se ubica predominantemente en la hemicapa externa.<br>	"<b style=""color:green;'>✅ A. Fosfatidilcolina como fosfolípido mayoritario.</b><br><br><i>Apariciones: 1 veces (2025)</i>"	Fermepin2025 Unica
<b>La bacteria Escherichia coli da un resultado negativo ante la tinción de Gram porque su pared celular:</b><br><br>A. Está formada por una capa gruesa de peptidoglicano que fija el colorante cristal violeta.<br>B. Está compuesta por una bicapa lipídica que absorbe el cristal violeta y le da un color púrpura.<br>C. Tiene una capa delgada de peptidoglicano y una membrana externa que impide la retención del colorante cristal violeta.<br>D. Contiene celulosa, que se une fuertemente al colorante rosado safranina.<br>	"<b style=""color:green;'>✅ C. Tiene una capa delgada de peptidoglicano y una membrana externa que impide la retención del colorante cristal violeta.</b><br><br><i>Apariciones: 1 veces (2025)</i>"	Fermepin2025 Unica
<b>Las chaperonas son proteínas que actúan:</b><br><br>A. Transportando vesículas intracelulares.<br>B. Participando de la degradación de proteínas mal plegadas.<br>C. Liberando sustancias al medio extracelular.<br>D. Asistiendo al correcto plegamiento proteico.<br>	"<b style=""color:green;'>✅ D. Asistiendo al correcto plegamiento proteico.</b><br><br><i>Apariciones: 1 veces (2025)</i>"	Fermepin2025 Unica
<b>Organismos tanto capaces como incapaces de sintetizar su propio alimento pueden ser hallados en el reino:</b><br><br>A. Plantae.<br>B. Protista.<br>C. Fungi.<br>D. Animalia.<br>	"<b style=""color:green;'>✅ B. Protista.</b><br><br><i>Apariciones: 1 veces (2025)</i>"	Fermepin2025 Unica
<b>Las proteínas fibrosas y las globulares se distinguen en:</b><br><br>A. Su localización subcelular.<br>B. Que las primeras están conformadas por aminoácidos esenciales.<br>C. La estructura tridimensional que presentan.<br>D. El tipo de célula en el que se hallan.<br>	"<b style=""color:green;'>✅ C. La estructura tridimensional que presentan.</b><br><br><i>Apariciones: 1 veces (2025)</i>"	Fermepin2025 Unica
<b>Respecto de la composición de la membrana plasmática, es cierto que:</b><br><br>A. El fosfatidilinositol se ubica predominantemente en la hemicapa interna.<br>B. La fosfatidilserina se halla en igual proporción en ambas hemicapas.<br>C. La fosfatidiletanolamina se localiza principalmente hacia el medio extracelular.<br>D. El fosfolípido predominante es la esfingomielina.<br>	"<b style=""color:green;'>✅ A. El fosfatidilinositol se ubica predominantemente en la hemicapa interna.</b><br><br><i>Apariciones: 1 veces (2025)</i>"	Fermepin2025 Unica
<b>Respecto al REL, es posible afirmar que:</b><br><br>A. Se encarga de la síntesis de fosfolípidos.<br>B. Posee una cara de salida que se asocia con la membrana plasmática.<br>C. Su lumen contiene peróxido de hidrógeno.<br>D. Es responsable de la O-glicosilación de proteínas.<br>	"<b style=""color:green;'>✅ A. Se encarga de la síntesis de fosfolípidos.</b><br><br><i>Apariciones: 1 veces (2025)</i>"	Fermepin2025 Unica
<b>Podemos afirmar en relación a las chaperonas que su función es:</b><br><br>A. La síntesis de nuevas proteínas.<br>B. La liberación de productos de distintas organelas.<br>C. La prevención de plegamientos proteicos incorrectos.<br>D. La degradación de proteínas mal plegadas.<br>	"<b style=""color:green;'>✅ C. La prevención de plegamientos proteicos incorrectos.</b><br><br><i>Apariciones: 1 veces (2025)</i>"	Fermepin2025 Unica
<b>Las células procariotas y las eucariotas se diferencian en que:</b><br><br>A. Las procariotas tienen una pared celular, mientras que las eucariotas carecen de dicha estructura.<br>B. Las procariotas poseen cromosomas múltiples, mientras que las eucariotas tienen un cromosoma circular.<br>C. Las procariotas tienen mitocondrias para la producción de energía, mientras que las eucariotas no.<br>D. El ADN de las células eucariotas está contenido en un núcleo, mientras que en las procariotas está libre en el citoplasma.<br>	"<b style=""color:green;'>✅ D. El ADN de las células eucariotas está contenido en un núcleo, mientras que en las procariotas está libre en el citoplasma.</b><br><br><i>Apariciones: 1 veces (2025)</i>"	Fermepin2025 Unica
<b>Las proteínas globulares y las fibrosas se distinguen por:</b><br><br>A. El tipo celular en que se hallan.<br>B. Que las primeras se hallan en el citoplasma de la célula.<br>C. Que las segundas están conformadas por aminoácidos esenciales.<br>D. La estructura tridimensional que presentan.<br>	"<b style=""color:green;'>✅ D. La estructura tridimensional que presentan.</b><br><br><i>Apariciones: 1 veces (2025)</i>"	Fermepin2025 Unica
<b>Las proteínas periféricas de membrana son aquellas que:</b><br><br>A. Están involucradas principalmente en el transporte activo de moléculas a través de la membrana celular.<br>B. Pueden ser extraídas de la membrana con facilidad mediante el uso de soluciones salinas.<br>C. Presentan uniones covalentes con los fosfolípidos de la bicapa.<br>D. Atraviesan la bicapa lipídica en su totalidad, tomando contacto tanto con el medio extracelular como con el intracelular.<br>	"<b style=""color:green;'>✅ B. Pueden ser extraídas de la membrana con facilidad mediante el uso de soluciones salinas.</b><br><br><i>Apariciones: 1 veces (2025)</i>"	Fermepin2025 Unica
<b>Los cilios nacen de una estructura llamada:</b><br><br>A. Desmosoma.<br>B. Cuerpo basal.<br>C. Centrosomas.<br>D. Cinturón adhesivo.<br>	"<b style=""color:green;'>✅ B. Cuerpo basal.</b><br><br><i>Apariciones: 1 veces (2025)</i>"	Fermepin2025 Unica
<b>Respecto de la difusión facilitada se puede afirmar que:</b><br><br>A. Ocurre con gasto de energía.<br>B. Requiere de proteínas periféricas de membrana llamadas permeasas.<br>C. Un ejemplo es el transporte a través de canales iónicos.<br>D. Es un transporte de tipo inespecífico e insaturable.<br>	"<b style=""color:green;'>✅ C. Un ejemplo es el transporte a través de canales iónicos.</b><br><br><i>Apariciones: 1 veces (2025)</i>"	Fermepin2025 Unica
<b>Podemos hallar tanto organismos autótrofos como heterótrofos en el reino:</b><br><br>A. Monera.<br>B. Plantae.<br>C. Fungi.<br>D. Animalia.<br>	"<b style=""color:green;'>✅ A. Monera.</b><br><br><i>Apariciones: 1 veces (2025)</i>"	Fermepin2025 Unica
<b>El enlace peptídico:</b><br><br>A. Es un enlace que se forma entre dos átomos de carbono.<br>B. Da lugar a los esteroides al unir unidades de isopreno entre sí.<br>C. Permite la unión entre un grupo carboxilo y un grupo amino.<br>D. Es covalente y de tipo éter.<br>	"<b style=""color:green;'>✅ C. Permite la unión entre un grupo carboxilo y un grupo amino.</b><br><br><i>Apariciones: 1 veces (2025)</i>"	Fermepin2025 Unica
<b>El resultado negativo de la tinción de Gram en la bacteria Escherichia coli se debe a que su pared celular:</b><br><br>A. Está compuesta por una bicapa lipídica que absorbe el cristal violeta y le da un color púrpura.<br>B. Está formada por una capa gruesa de peptidoglicano que fija el colorante cristal violeta.<br>C. Contiene celulosa, que se une fuertemente al colorante rosado safranina.<br>D. Tiene una capa delgada de peptidoglicano y una membrana externa incapaz de retener el colorante cristal violeta.<br>	"<b style=""color:green;'>✅ D. Tiene una capa delgada de peptidoglicano y una membrana externa incapaz de retener el colorante cristal violeta.</b><br><br><i>Apariciones: 1 veces (2025)</i>"	Fermepin2025 Unica
<b>Con respecto a la membrana de los lisosomas:</b><br><br>A. Está formada por una monocapa fosfolipídica.<br>B. Tiene bombas de sodio responsables de la disminución del pH.<br>C. Posee glicoproteínas que la protegen de las enzimas hidrolíticas.<br>D. Contiene receptores para Manosa-6-fosfato.<br>	"<b style=""color:green;'>✅ C. Posee glicoproteínas que la protegen de las enzimas hidrolíticas.</b><br><br><i>Apariciones: 1 veces (2025)</i>"	Fermepin2025 Unica
<b>Si dos organismos son de la misma Clase, comparten siempre:</b><br><br>A. El Phylum.<br>B. El Género.<br>C. El Orden.<br>D. La Especie.<br>	"<b style=""color:green;'>✅ A. El Phylum.</b><br><br><i>Apariciones: 1 veces (2025)</i>"	Fermepin2025 Unica
<b>La proteína que constituye los filamentos intermedios es la:</b><br><br>A. Miosina.<br>B. Actina.<br>C. Desmina.<br>D. Tubulina.<br>	"<b style=""color:green;'>✅ C. Desmina.</b><br><br><i>Apariciones: 1 veces (2025)</i>"	Fermepin2025 Unica
<b>La función de los glicéridos en la célula es:</b><br><br>A. Actuar como solvente para las reacciones que se dan en el citosol.<br>B. Participar activamente del proceso de transferencia de la información genética.<br>C. Catalizar reacciones metabólicas en la célula.<br>D. Ser un reservorio de energía a largo plazo.<br>	"<b style=""color:green;'>✅ D. Ser un reservorio de energía a largo plazo.</b><br><br><i>Apariciones: 1 veces (2025)</i>"	Fermepin2025 Unica
<b>La fluidez de las membranas biológicas del cuerpo humano es regulada por:</b><br><br>A. El movimiento de flip-flop de los fosfolípidos.<br>B. El movimiento de rotación lateral de las proteínas integrales.<br>C. La concentración de colesterol.<br>D. La cantidad de glucolípidos que presentan.<br>	"<b style=""color:green;'>✅ C. La concentración de colesterol.</b><br><br><i>Apariciones: 1 veces (2025)</i>"	Fermepin2025 Unica
<b>Las proteínas integrales de membrana son aquellas que:</b><br><br>A. Para su extracción requieren el uso de detergentes.<br>B. Son hidrofílicas ya que presentan predominantemente aminoácidos polares.<br>C. Se hallan fijas en la membrana, sin posibilidad de movimiento.<br>D. Están presentes en la hemicapa externa y ausentes en la interna.<br>	"<b style=""color:green;'>✅ A. Para su extracción requieren el uso de detergentes.</b><br><br><i>Apariciones: 1 veces (2025)</i>"	Fermepin2025 Unica
<b>Es correcto decir que el enlace fosfodiéster:</b><br><br>A. Permite la unión entre un grupo amino y un grupo carboxilo.<br>B. Es un enlace covalente entre un grupo hidroxilo y un grupo fosfato.<br>C. Es una unión covalente de tipo éter.<br>D. Permite la unión entre carbonos para formar compuestos orgánicos.<br>	"<b style=""color:green;'>✅ B. Es un enlace covalente entre un grupo hidroxilo y un grupo fosfato.</b><br><br><i>Apariciones: 1 veces (2025)</i>"	Fermepin2025 Unica
<b>El dióxido de carbono atraviesa la membrana plasmática mediante:</b><br><br>A. Difusión facilitada.<br>B. Transportadores específicos.<br>C. Difusión simple.<br>D. Canales.<br>	"<b style=""color:green;'>✅ C. Difusión simple.</b><br><br><i>Apariciones: 1 veces (2025)</i>"	Fermepin2025 Unica
<b>El principal componente proteico de la lámina basal es el/la:</b><br><br>A. Colágeno tipo IV.<br>B. Fibronectina.<br>C. Laminina.<br>D. Actina.<br>	"<b style=""color:green;'>✅ A. Colágeno tipo IV.</b><br><br><i>Apariciones: 1 veces (2025)</i>"	Fermepin2025 Unica
<b>Una partícula extraña y de gran tamaño es incorporada por un macrófago mediante:</b><br><br>A. Canales iónicos.<br>B. Difusión simple.<br>C. Pinocitosis específica.<br>D. Fagocitosis:<br>	"<b style=""color:green;'>✅ D. Fagocitosis:</b><br><br><i>Apariciones: 1 veces (2025)</i>"	Fermepin2025 Unica
<b>La bacteria Staphylococcus aureus da un resultado positivo ante la tinción de Gram porque su pared celular:</b><br><br>A. Tiene una capa gruesa de peptidoglicano.<br>B. Está compuesta por una bicapa lipídica.<br>C. Contiene una capa de peptidoglicano muy delgada.<br>D. Tiene quitina.<br>	"<b style=""color:green;'>✅ A. Tiene una capa gruesa de peptidoglicano.</b><br><br><i>Apariciones: 1 veces (2025)</i>"	Fermepin2025 Unica
<b>Las enzimas hidrolíticas destinadas a la organela que se encarga de digerir el material endocitado adquieren un grupo:</b><br><br>A. Glucosa-6-fosfato.<br>B. Galactosa-6-fosfato.<br>C. Fructosa-6-fosfato.<br>D. Manosa-6-fosfato.<br>	"<b style=""color:green;'>✅ D. Manosa-6-fosfato.</b><br><br><i>Apariciones: 1 veces (2025)</i>"	Fermepin2025 Unica
<b>Los fosfolípidos que componen a las membranas biológicas:</b><br><br>A. Contienen tres ácidos grasos en su estructura.<br>B. Son moléculas de naturaleza no polar por ser hidrofóbicos.<br>C. Pueden desplazarse a lo largo de una hemicapa, así como también cambiar de hemicapa.<br>D. Son los mismos, en calidad y proporción, en todas las organelas.<br>	"<b style=""color:green;'>✅ C. Pueden desplazarse a lo largo de una hemicapa, así como también cambiar de hemicapa.</b><br><br><i>Apariciones: 1 veces (2025)</i>"	Fermepin2025 Unica
<b>Es función de las fibras de colágeno de la matriz extracelular:</b><br><br>A. Facilitar la adhesión de las células a la matriz mediante la interacción con integrinas.<br>B. Regular el paso de moléculas a través de la lámina basal.<br>C. Contribuir a la hidratación del tejido al retener agua.<br>D. Proporcionar resistencia mecánica y soporte estructural a los tejidos.<br>	"<b style=""color:green;'>✅ D. Proporcionar resistencia mecánica y soporte estructural a los tejidos.</b><br><br><i>Apariciones: 1 veces (2025)</i>"	Fermepin2025 Unica
<b>En la célula, una función de los hidratos de carbono es:</b><br><br>A. Acelerar la velocidad de las reacciones que transcurren en el citosol.<br>B. Participar de la traducción del código genético.<br>C. Funcionar como fuente de energía.<br>D. Ser el componente mayoritario de las membranas biológicas.<br>	"<b style=""color:green;'>✅ C. Funcionar como fuente de energía.</b><br><br><i>Apariciones: 1 veces (2025)</i>"	Fermepin2025 Unica
<b>Los organismos del reino Protista, a diferencia de los del reino Monera son:</b><br><br>A. Autótrofos.<br>B. Unicelulares.<br>C. Eucariotas.<br>D. Heterótrofos.<br>	"<b style=""color:green;'>✅ C. Eucariotas.</b><br><br><i>Apariciones: 1 veces (2025)</i>"	Fermepin2025 Unica
<b>La estructura encargada de la degradación de las proteínas es:</b><br><br>A. El peroxisoma.<br>B. El proteasoma.<br>C. El complejo de Golgi.<br>D. El RER.<br>	"<b style=""color:green;'>✅ B. El proteasoma.</b><br><br><i>Apariciones: 1 veces (2025)</i>"	Fermepin2025 Unica
<b>Las muestras para microscopía se preparan mediante:</b><br><br>A. La hidratación previa de las células.<br>B. Una tinción que permite reducir el contraste entre componentes celulares.<br>C. Una fijación con formol que conserva las estructuras tisulares y celulares.<br>D. La obtención de piezas gruesas de tejidos cortadas con micrótomo.<br>	"<b style=""color:green;'>✅ C. Una fijación con formol que conserva las estructuras tisulares y celulares.</b><br><br><i>Apariciones: 1 veces (2025)</i>"	Fermepin2025 Unica
<b>El citosol:</b><br><br>A. Incluye al núcleo.<br>B. Es la fracción líquida del interior celular donde ocurren muchas reacciones metabólicas.<br>C. Incluye el interior de las organelas.<br>D. Es sinónimo del citoplasma de las células.<br>	"<b style=""color:green;'>✅ B. Es la fracción líquida del interior celular donde ocurren muchas reacciones metabólicas.</b><br><br><i>Apariciones: 1 veces (2025)</i>"	Fermepin2025 Unica
<b>Acerca de los niveles de organización de la materia inerte:</b><br><br>A. Las neuronas pertenecen al nivel subcelular.<br>B. Los receptores de membrana pertenecen al nivel molecular.<br>C. Los electrones pertenecen al nivel atómico.<br>D. El hidrógeno pertenece al nivel subatómico.<br>	"<b style=""color:green;'>✅ B. Los receptores de membrana pertenecen al nivel molecular.</b><br><br><i>Apariciones: 1 veces (2025)</i>"	Fermepin2025 Unica
<b>El fraccionamiento celular se distingue por emplear:</b><br><br>A. Un medio sintético enriquecido con suero para cultivar células.<br>B. Una fuente de luz que mide características físicas de las células.<br>C. Una ultracentrífuga que separa organelas según su tamaño.<br>D. Un microscopio de alta resolución.<br>	"<b style=""color:green;'>✅ C. Una ultracentrífuga que separa organelas según su tamaño.</b><br><br><i>Apariciones: 1 veces (2025)</i>"	Fermepin2025 Unica
<b>Las proteínas destinadas al lumen de algún componente del sistema de endomembranas poseen en su estructura:</b><br><br>A. Una señal de anclaje.<br>B. Un péptido señal.<br>C. Una secuencia de unión al ribosoma.<br>D. Una partícula de reconocimiento.<br>	"<b style=""color:green;'>✅ B. Un péptido señal.</b><br><br><i>Apariciones: 1 veces (2025)</i>"	Fermepin2025 Unica
<b>Los heteropolisacáridos:</b><br><br>A. Están formados por unidades repetidas de glucosa.<br>B. Constituyen las paredes celulares.<br>C. Poseen función de almacenamiento de energía en gránulos.<br>D. Son insolubles en agua.<br>	"<b style=""color:green;'>✅ D. Son insolubles en agua.</b><br><br><i>Apariciones: 1 veces (2025)</i>"	Fermepin2025 Unica
<b>Como principal componente proteico de la lámina basal se puede mencionar el/la:</b><br><br>A. Fibronectina.<br>B. Actina.<br>C. Colágeno tipo IV.<br>D. Laminina.<br>	"<b style=""color:green;'>✅ C. Colágeno tipo IV.</b><br><br><i>Apariciones: 1 veces (2025)</i>"	Fermepin2025 Unica
<b>El procedimiento de fraccionamiento celular permite:</b><br><br>A. Separar componentes celulares mediante centrifugación diferencial.<br>B. Cultivar células en un medio con nutrientes y factores de crecimiento.<br>C. Analizar células individuales mediante la dispersión de luz.<br>D. Detectar componentes celulares mediante un microscopio de alta resolución.<br>	"<b style=""color:green;'>✅ A. Separar componentes celulares mediante centrifugación diferencial.</b><br><br><i>Apariciones: 1 veces (2025)</i>"	Fermepin2025 Unica
<b>Sobre los heteropolisacáridos se puede decir que:</b><br><br>A. Son los principales constituyentes de las paredes celulares.<br>B. Están formados por unidades repetidas del monómero glucosa.<br>C. Son insolubles en agua.<br>D. Se depositan en gránulos donde almacenan energía para ser utilizada por la célula a largo plazo.<br>	"<b style=""color:green;'>✅ C. Son insolubles en agua.</b><br><br><i>Apariciones: 1 veces (2025)</i>"	Fermepin2025 Unica
<b>Las fibras de colágeno que forman parte de la matriz extracelular se caracterizan por:</b><br><br>A. Contribuir a la hidratación del tejido al retener agua.<br>B. Proporcionar resistencia mecánica y soporte estructural a los tejidos.<br>C. Facilitar la adhesión de las células a la matriz mediante la interacción con integrinas.<br>D. Regular el paso de moléculas a través de la lámina basal.<br>	"<b style=""color:green;'>✅ B. Proporcionar resistencia mecánica y soporte estructural a los tejidos.</b><br><br><i>Apariciones: 1 veces (2025)</i>"	Fermepin2025 Unica
<b>En el proceso de preparación de muestras para microscopía, se emplea/n:</b><br><br>A. Métodos que hidratan las células.<br>B. Una fijación química con formol para preservar la morfología celular y tisular.<br>C. Porciones gruesas de tejido cortadas con micrótomo.<br>D. Tinciones específicas que reducen el contraste entre las estructuras celulares.<br>	"<b style=""color:green;'>✅ B. Una fijación química con formol para preservar la morfología celular y tisular.</b><br><br><i>Apariciones: 1 veces (2025)</i>"	Fermepin2025 Unica
<b>Respecto al citosol, es correcto decir que:</b><br><br>A. Presenta la misma composición que el citoplasma.<br>B. Está formado por el núcleo y las organelas, pero excluye la membrana plasmática.<br>C. Comprende las organelas y la membrana plasmática, excluyendo el núcleo.<br>D. Es el medio líquido dentro de la célula que rodea las organelas y el núcleo.<br>	"<b style=""color:green;'>✅ D. Es el medio líquido dentro de la célula que rodea las organelas y el núcleo.</b><br><br><i>Apariciones: 1 veces (2025)</i>"	Fermepin2025 Unica
<b>Los organismos del reino Monera, a diferencia de los del reino Protista son:</b><br><br>A. Unicelulares.<br>B. Autótrofos.<br>C. Heterótrofos.<br>D. Procariotas.<br>	"<b style=""color:green;'>✅ D. Procariotas.</b><br><br><i>Apariciones: 1 veces (2025)</i>"	Fermepin2025 Unica
<b>Sobre los fosfolípidos se puede afirmar que:</b><br><br>A. Presentan tres ácidos grasos en su estructura química.<br>B. Por ser hidrofóbicos, son moléculas de naturaleza no polar.<br>C. En todas las organelas se repite la composición de fosfolípidos.<br>D. Pueden realizar movimientos de desplazamiento a lo largo de una hemicapa, así como también cambiar de hemicapa.<br>	"<b style=""color:green;'>✅ D. Pueden realizar movimientos de desplazamiento a lo largo de una hemicapa, así como también cambiar de hemicapa.</b><br><br><i>Apariciones: 1 veces (2025)</i>"	Fermepin2025 Unica
<b>Los hidratos de carbono cumplen importantes funciones en la célula, como por ejemplo:</b><br><br>A. Funcionar como fuente de energía.<br>B. Acelerar la velocidad de las reacciones que transcurren en el citosol.<br>C. Ser el componente mayoritario de las membranas biológicas.<br>D. Participar de la traducción del código genético.<br>	"<b style=""color:green;'>✅ A. Funcionar como fuente de energía.</b><br><br><i>Apariciones: 1 veces (2025)</i>"	Fermepin2025 Unica
<b>El ARN y el ADN se parecen en que ambos:</b><br><br>A. Son moléculas simétricas.<br>B. Están formados por nucleótidos.<br>C. Pueden presentar la base nitrogenada uracilo en su composición.<br>D. Presentan una conformación de doble hélice.<br>	"<b style=""color:green;'>✅ B. Están formados por nucleótidos.</b><br><br><i>Apariciones: 1 veces (2025)</i>"	Fermepin2025 Unica
<b>Respecto a las proteínas integrales de membrana, es cierto que:</b><br><br>A. Están presentes en la hemicapa externa y ausentes en la interna.<br>B. Cómo presentan predominantemente aminoácidos polares, son de naturaleza hidrofílica.<br>C. No tienen posibilidad de movimiento ya que se hallan fijas en la membrana.<br>D. Requieren el uso de detergentes para ser removidas de la bicapa.<br>	"<b style=""color:green;'>✅ D. Requieren el uso de detergentes para ser removidas de la bicapa.</b><br><br><i>Apariciones: 1 veces (2025)</i>"	Fermepin2025 Unica
<b>La bacteria Staphylococcus aureus da positivo en la tinción de Gram porque su pared celular:</b><br><br>A. Contiene una capa de peptidoglicano muy delgada.<br>B. Tiene quitina.<br>C. Tiene una capa gruesa de peptidoglicano.<br>D. Está compuesta por una bicapa lipídica.<br>	"<b style=""color:green;'>✅ C. Tiene una capa gruesa de peptidoglicano.</b><br><br><i>Apariciones: 1 veces (2025)</i>"	Fermepin2025 Unica
<b>La bomba sodio/potasio es una proteína de membrana cuya función principal es:</b><br><br>A. Mantener el potencial de membrana al expulsar tres iones de sodio e ingresar dos de potasio.<br>B. Transportar iones de sodio y potasio a favor de su gradiente de concentración.<br>C. Transportar pasivamente dichos iones a través de la membrana.<br>D. Equilibrar las concentraciones de dichos iones dentro y fuera de la célula.<br>	"<b style=""color:green;'>✅ A. Mantener el potencial de membrana al expulsar tres iones de sodio e ingresar dos de potasio.</b><br><br><i>Apariciones: 1 veces (2025)</i>"	Fermepin2025 Unica
<b>Es posible afirmar que el complejo de Golgi:</b><br><br>A. Se encarga de la biosíntesis de lípidos.<br>B. Clasifica a las proteínas según su destino.<br>C. Funciona como reservorio de calcio.<br>D. Tiene una cara de salida que se relaciona con el RE.<br>	"<b style=""color:green;'>✅ B. Clasifica a las proteínas según su destino.</b><br><br><i>Apariciones: 1 veces (2025)</i>"	Fermepin2025 Unica
<b>El proteasoma es un complejo encargado de:</b><br><br>A. El plegamiento de las proteínas.<br>B. La síntesis de las proteínas.<br>C. La degradación de las proteínas.<br>D. La exocitosis de las proteínas.<br>	"<b style=""color:green;'>✅ C. La degradación de las proteínas.</b><br><br><i>Apariciones: 1 veces (2025)</i>"	Fermepin2025 Unica
<b>Las enzimas hidrolíticas destinadas a la digestión de material endocitado adquieren un grupo:</b><br><br>A. Glucosa-6-fosfato.<br>B. Manosa-6-fosfato.<br>C. Fructosa-6-fosfato.<br>D. Galactosa-6-fosfato.<br>	"<b style=""color:green;'>✅ B. Manosa-6-fosfato.</b><br><br><i>Apariciones: 1 veces (2025)</i>"	Fermepin2025 Unica
<b>Dados los niveles de organización de la materia inerte, es correcto que:</b><br><br>A. Los neutrones pertenecen al nivel atómico.<br>B. Las células del riñón pertenecen al nivel subcelular.<br>C. El nitrógeno pertenece al nivel subatómico.<br>D. Las proteínas periféricas de membrana pertenecen al nivel molecular.<br>	"<b style=""color:green;'>✅ D. Las proteínas periféricas de membrana pertenecen al nivel molecular.</b><br><br><i>Apariciones: 1 veces (2025)</i>"	Fermepin2025 Unica
<b>El enlace fosfodiéster:</b><br><br>A. Permite la unión entre un grupo amino y un grupo carboxilo.<br>B. Es un enlace no covalente entre un grupo amino y un grupo fosfato.<br>C. Permite la unión entre carbonos para formar compuestos orgánicos.<br>D. Es una unión covalente de tipo éster.<br>	"<b style=""color:green;'>✅ D. Es una unión covalente de tipo éster.</b><br><br><i>Apariciones: 1 veces (2025)</i>"	Fermepin2025 Unica
<b>En la matriz extracelular encontramos como componente fluido a:</b><br><br>A. Los proteoglicanos.<br>B. El colágeno.<br>C. La fibronectina.<br>D. La laminina.<br>	"<b style=""color:green;'>✅ A. Los proteoglicanos.</b><br><br><i>Apariciones: 1 veces (2025)</i>"	Fermepin2025 Unica
<b>Una característica de la bomba de $Na^{+}/K^{+}$ ATPasa es:</b><br><br>A. Transferir $Na^{+}$ hacia el interior celular y $K^{+}$ hacia el exterior celular.<br>B. Catalizar la hidrólisis del ATP en una reacción que requiere $Mg^{2+}$.<br>C. Ser un sistema de cotransporte.<br>D. Permitir el transporte pasivo de $Na^{+}$ y $K^{+}$ a favor de sus gradientes de concentración.<br>	"<b style=""color:green;'>✅ B. Catalizar la hidrólisis del ATP en una reacción que requiere $Mg^{2+}$.</b><br><br><i>Apariciones: 1 veces (2025)</i>"	Fermepin2025 Unica
<b>Una bacteria como Mycobacterium tuberculosis pertenece al reino:</b><br><br>A. Fungi.<br>B. Protista.<br>C. Plantae.<br>D. Monera.<br>	"<b style=""color:green;'>✅ D. Monera.</b><br><br><i>Apariciones: 1 veces (2025)</i>"	Fermepin2025 Unica
<b>Una diferencia entre el glucógeno y el almidón es que:</b><br><br>A. Están presentes en distintos tipos de células eucariotas.<br>B. El glucógeno es un homopolisacárido y el almidón un heteropolisacárido.<br>C. Están formados por distintos monosacáridos.<br>D. El glucógeno forma el glucocálix mientras que el almidón almacena energía.<br>	"<b style=""color:green;'>✅ A. Están presentes en distintos tipos de células eucariotas.</b><br><br><i>Apariciones: 1 veces (2025)</i>"	Fermepin2025 Unica
<b>La organización de la materia, en orden de complejidad CRECIENTE es:</b><br><br>A. Sangre – dióxido de carbono – cerebro – perro - biósfera.<br>B. Agua – cadmio – pez - cardumen – ecosistema.<br>C. Xenón – glucosa – corazón - mono – población.<br>D. Níquel – ozono – pulmón – ovocito – comunidad.<br>	"<b style=""color:green;'>✅ C. Xenón – glucosa – corazón - mono – población.</b><br><br><i>Apariciones: 1 veces (2025)</i>"	Fermepin2025 Unica
<b>Dado el siguiente fragmento de un ácido nucleico cuya secuencia es 5' AGAGT 3', podemos afirmar que:</b><br><br>A. Se trata de una molécula monocatenaria.<br>B. Se trata de una molécula de ARN.<br>C. Su hebra complementaria es 3' TCTCA 5'.<br>D. Contiene 1 base púrica y 4 pirimidínicas.<br>	"<b style=""color:green;'>✅ C. Su hebra complementaria es 3' TCTCA 5'.</b><br><br><i>Apariciones: 1 veces (2025)</i>"	Fermepin2025 Unica
<b>La autotrofía se define como:</b><br><br>A. La capacidad de un organismo de obtener energía a partir de compuestos orgánicos producidos por otros seres vivos.<br>B. La capacidad de almacenar energía en forma de glucógeno o almidón.<br>C. La capacidad de sintetizar sus propios compuestos orgánicos a partir de sustancias inorgánicas simples.<br>D. La capacidad de realizar procesos fermentativos para obtener energía.<br>	"<b style=""color:green;'>✅ C. La capacidad de sintetizar sus propios compuestos orgánicos a partir de sustancias inorgánicas simples.</b><br><br><i>Apariciones: 1 veces (2025)</i>"	Fermepin2025 Unica
<b>Entre los componentes del citosol de una célula eucariota, se pueden mencionar a:</b><br><br>A. El citoesqueleto, las chaperonas y los proteasomas.<br>B. El agua, las mitocondrias y los lisosomas.<br>C. Los pigmentos fotosintéticos, los ribosomas y el citoesqueleto.<br>D. Un gran número de enzimas, el agua y el núcleo.<br>	"<b style=""color:green;'>✅ A. El citoesqueleto, las chaperonas y los proteasomas.</b><br><br><i>Apariciones: 1 veces (2025)</i>"	Fermepin2025 Unica
<b>Respecto a la composición de la membrana plasmática, es correcto afirmar que:</b><br><br>A. Las proteínas periféricas atraviesan la bicapa lipídica.<br>B. Carece de hidratos de carbono en su estructura.<br>C. Es igual en todas las células.<br>D. Los glicolípidos y glicoproteínas se localizan en la superficie externa de la membrana.<br>	"<b style=""color:green;'>✅ D. Los glicolípidos y glicoproteínas se localizan en la superficie externa de la membrana.</b><br><br><i>Apariciones: 1 veces (2025)</i>"	Fermepin2025 Unica
<b>Una característica de la molécula de agua es que:</b><br><br>A. Es incapaz de disociarse debido a las uniones entre sus átomos.<br>B. Conforma un tripolo.<br>C. Posee una distribución asimétrica de sus cargas.<br>D. Su átomo de oxígeno conforma el polo positivo.<br>	"<b style=""color:green;'>✅ C. Posee una distribución asimétrica de sus cargas.</b><br><br><i>Apariciones: 1 veces (2025)</i>"	Fermepin2025 Unica
<b>Respecto a los seres vivos podemos afirmar que, todos ellos:</b><br><br>A. Están formados por células.<br>B. Son heterótrofos.<br>C. Conforman sistemas cerrados.<br>D. Disponen de órganos.<br>	"<b style=""color:green;'>✅ A. Están formados por células.</b><br><br><i>Apariciones: 1 veces (2025)</i>"	Fermepin2025 Unica
<b>A diferencia del ARN, el ADN:</b><br><br>A. Se encuentra principalmente en el citoplasma, mientras que el ARN se encuentra principalmente en el núcleo.<br>B. Tiene Adenina como una de sus bases nitrogenadas, mientras que el ARN tiene Timina en su lugar.<br>C. Contiene ribosa en su estructura, mientras que el ARN tiene desoxirribosa.<br>D. Es una cadena doble de nucleótidos, mientras que el ARN forma una cadena simple.<br>	"<b style=""color:green;'>✅ D. Es una cadena doble de nucleótidos, mientras que el ARN forma una cadena simple.</b><br><br><i>Apariciones: 1 veces (2025)</i>"	Fermepin2025 Unica
<b>La capacidad de un individuo de sentir frío se relaciona con una característica conocida como:</b><br><br>A. Adaptación.<br>B. Evolución.<br>C. Irritabilidad.<br>D. Homeostasis.<br>	"<b style=""color:green;'>✅ C. Irritabilidad.</b><br><br><i>Apariciones: 1 veces (2025)</i>"	Fermepin2025 Unica
<b>Tanto células procariotas como eucariotas animales:</b><br><br>A. Tienen una pared celular que proporciona soporte estructural.<br>B. Son capaces de realizar fotosíntesis y generar su propio alimento.<br>C. Contienen un núcleo rodeado por una membrana nuclear.<br>D. Utilizan el ADN como material genético.<br>	"<b style=""color:green;'>✅ D. Utilizan el ADN como material genético.</b><br><br><i>Apariciones: 1 veces (2025)</i>"	Fermepin2025 Unica
<b>En la membrana plasmática, los ácidos grasos se diferencian del colesterol en que:</b><br><br>A. Las insaturaciones en la formación de fosfolípidos aumentan la fluidez de la membrana.<br>B. Protegen a la membrana de agresiones mecánicas.<br>C. Funcionan como receptores de señales extracelulares.<br>D. El aumento de los primeros en esta estructura disminuye su fluidez.<br>	"<b style=""color:green;'>✅ A. Las insaturaciones en la formación de fosfolípidos aumentan la fluidez de la membrana.</b><br><br><i>Apariciones: 1 veces (2025)</i>"	Fermepin2025 Unica
<b>Una enzima existente en el interior de los peroxisomas es la:</b><br><br>A. Fosfofructoquinasa.<br>B. Glicosidasa.<br>C. ATP sintetasa.<br>D. Catalasa.<br>	"<b style=""color:green;'>✅ D. Catalasa.</b><br><br><i>Apariciones: 1 veces (2025)</i>"	Fermepin2025 Unica
<b>El contacto focal es una unión celular que se caracteriza porque:</b><br><br>A. Se produce entre dos células.<br>B. Involucra a proteínas de la matriz extracelular, del citoesqueleto y de la membrana plasmática.<br>C. Se asocian con filamentos intermedios.<br>D. Ocurre en células epiteliales e incluye a filamentos de queratina.<br>	"<b style=""color:green;'>✅ B. Involucra a proteínas de la matriz extracelular, del citoesqueleto y de la membrana plasmática.</b><br><br><i>Apariciones: 1 veces (2025)</i>"	Fermepin2025 Unica
<b>El instrumento adecuado para distinguir las estructuras de menos de 0,2 $\mu$m dentro de la célula eucariota es:</b><br><br>A. El microscopio óptico.<br>B. El microscopio electrónico.<br>C. El citómetro de flujo.<br>D. El micrótomo.<br>	"<b style=""color:green;'>✅ B. El microscopio electrónico.</b><br><br><i>Apariciones: 1 veces (2025)</i>"	Fermepin2025 Unica
<b>El aparato de Golgi posee:</b><br><br>A. Una doble membrana interna y externa.<br>B. Una cara cis, cisternas medias y una cara trans.<br>C. Membranas con bombas de protones.<br>D. Una red de túbulos continuos con ribosomas asociados a su membrana.<br>	"<b style=""color:green;'>✅ B. Una cara cis, cisternas medias y una cara trans.</b><br><br><i>Apariciones: 1 veces (2025)</i>"	Fermepin2025 Unica
<b>Las células con una gran capacidad detoxificante presentan mayor desarrollo de:</b><br><br>A. Endosomas.<br>B. Mitocondrias.<br>C. REL.<br>D. RER.<br>	"<b style=""color:green;'>✅ C. REL.</b><br><br><i>Apariciones: 1 veces (2025)</i>"	Fermepin2025 Unica
<b>Podemos afirmar sobre los seres vivos, que todos ellos:</b><br><br>A. Son autótrofos.<br>B. Están formados por células.<br>C. Poseen sistemas complejos de órganos.<br>D. Son sistemas cerrados que se agrupan en distintas poblaciones.<br>	"<b style=""color:green;'>✅ B. Están formados por células.</b><br><br><i>Apariciones: 1 veces (2025)</i>"	Fermepin2025 Unica
<b>Respecto a la estructura de la molécula de agua, es cierto que:</b><br><br>A. Tiene carácter polar.<br>B. En el oxígeno la densidad de carga es positiva.<br>C. Forma un tripolo.<br>D. Carece de la capacidad de disociación.<br>	"<b style=""color:green;'>✅ A. Tiene carácter polar.</b><br><br><i>Apariciones: 1 veces (2025)</i>"	Fermepin2025 Unica
<b>Tanto células eucariotas vegetales como procariotas:</b><br><br>A. Son capaces de realizar fotosíntesis y generar su propio alimento.<br>B. Tienen una cápsula que proporciona soporte estructural.<br>C. Utilizan el ARN como material genético.<br>D. Contienen un núcleo rodeado por una membrana nuclear.<br>	"<b style=""color:green;'>✅ A. Son capaces de realizar fotosíntesis y generar su propio alimento.</b><br><br><i>Apariciones: 1 veces (2025)</i>"	Fermepin2025 Unica
<b>La enzima característica de los peroxisomas es:</b><br><br>A. La enzima ATP sintetasa.<br>B. La enzima catalasa.<br>C. La enzima fosfofructoquinasa.<br>D. La enzima glicosidasa.<br>	"<b style=""color:green;'>✅ B. La enzima catalasa.</b><br><br><i>Apariciones: 1 veces (2025)</i>"	Fermepin2025 Unica
<b>Se puede afirmar que la unión celular denominada contacto focal:</b><br><br>A. Se produce entre dos células.<br>B. Ocurre en células epiteliales e incluye a filamentos de queratina.<br>C. Se asocia con filamentos intermedios.<br>D. Involucra a proteínas de la matriz extracelular, del citoesqueleto y de la membrana plasmática.<br>	"<b style=""color:green;'>✅ D. Involucra a proteínas de la matriz extracelular, del citoesqueleto y de la membrana plasmática.</b><br><br><i>Apariciones: 1 veces (2025)</i>"	Fermepin2025 Unica
<b>Estructuralmente podemos afirmar que el aparato de Golgi tiene:</b><br><br>A. Membranas con bombas de protones.<br>B. Una cara cis, sin cisternas medias.<br>C. Una red de túbulos continuos con ribosomas asociados a su membrana.<br>D. Una cara cis, una o varias cisternas medias y una cara trans.<br>	"<b style=""color:green;'>✅ D. Una cara cis, una o varias cisternas medias y una cara trans.</b><br><br><i>Apariciones: 1 veces (2025)</i>"	Fermepin2025 Unica
<b>En relación con las biomembranas, los ácidos grasos se distinguen del colesterol porque:</b><br><br>A. Funcionan como receptores de señales extracelulares.<br>B. Pueden formar parte del glucocálix.<br>C. Aumentan la fluidez de la membrana cuando presentan insaturaciones.<br>D. Disminuyen la fluidez cuando su concentración es alta.<br>	"<b style=""color:green;'>✅ C. Aumentan la fluidez de la membrana cuando presentan insaturaciones.</b><br><br><i>Apariciones: 1 veces (2025)</i>"	Fermepin2025 Unica
<b>*Escherichia coli* es una bacteria y pertenece al:</b><br><br>A. Reino Fungi.<br>B. Reino Plantae.<br>C. Reino Protista.<br>D. Reino Monera.<br>	"<b style=""color:green;'>✅ D. Reino Monera.</b><br><br><i>Apariciones: 1 veces (2025)</i>"	Fermepin2025 Unica
<b>El ADN se diferencia del ARN en que el primero:</b><br><br>A. Es una cadena simple de nucleótidos, mientras que el segundo es una cadena doble.<br>B. Tiene Adenina como una de sus bases nitrogenadas, mientras que el otro tiene Timina en su lugar.<br>C. Contiene ribosa en su estructura, mientras que el segundo tiene desoxirribosa.<br>D. Se encuentra principalmente en el núcleo eucariota, mientras que el otro puede encontrarse tanto en el núcleo como en el citoplasma.<br>	"<b style=""color:green;'>✅ D. Se encuentra principalmente en el núcleo eucariota, mientras que el otro puede encontrarse tanto en el núcleo como en el citoplasma.</b><br><br><i>Apariciones: 1 veces (2025)</i>"	Fermepin2025 Unica
<b>La heterotrofia se define como:</b><br><br>A. La capacidad de un organismo de obtener energía a partir de compuestos orgánicos producidos por otros seres vivos.<br>B. La capacidad de almacenar energía en forma de glucógeno o almidón.<br>C. La capacidad de sintetizar sus propios compuestos orgánicos a partir de sustancias inorgánicas simples.<br>D. La capacidad de realizar procesos fermentativos para obtener energía.<br>	"<b style=""color:green;'>✅ A. La capacidad de un organismo de obtener energía a partir de compuestos orgánicos producidos por otros seres vivos.</b><br><br><i>Apariciones: 1 veces (2025)</i>"	Fermepin2025 Unica
<b>Entre los componentes fluidos presentes en la matriz extracelular (MEC) encontramos:</b><br><br>A. Laminina.<br>B. Proteoglicano.<br>C. Colágeno.<br>D. Fibronectina.<br>	"<b style=""color:green;'>✅ B. Proteoglicano.</b><br><br><i>Apariciones: 1 veces (2025)</i>"	Fermepin2025 Unica
<b>En el citosol eucariota hallamos a:</b><br><br>A. Las mitocondrias, los ribosomas y el citoesqueleto.<br>B. El agua, las mitocondrias y los lisosomas.<br>C. El citoesqueleto, las chaperonas y los proteasomas.<br>D. Un gran número de enzimas, el agua y el núcleo.<br>	"<b style=""color:green;'>✅ C. El citoesqueleto, las chaperonas y los proteasomas.</b><br><br><i>Apariciones: 1 veces (2025)</i>"	Fermepin2025 Unica
<b>Si las células detoxifican sustancias activamente se observan:</b><br><br>A. Mitocondrias más voluminosas.<br>B. REG más activos.<br>C. Endosomas más numerosos.<br>D. REL más desarrollados.<br>	"<b style=""color:green;'>✅ D. REL más desarrollados.</b><br><br><i>Apariciones: 1 veces (2025)</i>"	Fermepin2025 Unica
<b>En relación con su funcionamiento, los canales iónicos muestran:</b><br><br>A. Un flujo continuo sin límite de capacidad.<br>B. Activación espontánea sin regulación.<br>C. Paso indiscriminado de solutos pequeños.<br>D. Especificidad por el tipo de ion y saturación del transporte.<br>	"<b style=""color:green;'>✅ D. Especificidad por el tipo de ion y saturación del transporte.</b><br><br><i>Apariciones: 1 veces (2025)</i>"	Fermepin2025 Unica
<b>Entre las diferencias entre células procariotas y eucariotas podemos decir que:</b><br><br>A. Las células procariotas tienen mitocondrias para la respiración celular.<br>B. Las células eucariotas no poseen ribosomas.<br>C. Las células eucariotas pueden dar lugar a organismos unicelulares o pluricelulares.<br>D. Las células procariotas tienen citoesqueleto, pero las eucariotas no.<br>	"<b style=""color:green;'>✅ C. Las células eucariotas pueden dar lugar a organismos unicelulares o pluricelulares.</b><br><br><i>Apariciones: 1 veces (2025)</i>"	Fermepin2025 Unica
<b>Respecto a los filamentos de actina, es correcto afirmar que:</b><br><br>A. Su estructura está formada por tubulina α y β organizados en disposición helicoidal.<br>B. La polimerización ocurre en ambos extremos a la misma velocidad.<br>C. Su elongación depende de la disponibilidad de actina unida a ATP.<br>D. Están constituidos por protofilamentos que se asocian en estructuras 9 + 2.<br>	"<b style=""color:green;'>✅ C. Su elongación depende de la disponibilidad de actina unida a ATP.</b><br><br><i>Apariciones: 1 veces (2025)</i>"	Fermepin2025 Unica
<b>Un individuo tiene la capacidad de sentir frío, esto se relaciona con una característica que se conoce como:</b><br><br>A. Adaptación.<br>B. Irritabilidad.<br>C. Homeostasis.<br>D. Desarrollo.<br>	"<b style=""color:green;'>✅ B. Irritabilidad.</b><br><br><i>Apariciones: 1 veces (2025)</i>"	Fermepin2025 Unica
<b>De los siguientes lípidos, es exclusivo de la cara interna de la membrana plasmática:</b><br><br>A. La fosfatidilcolina.<br>B. El fosfatidilinositol.<br>C. El colesterol.<br>D. El glucolípido.<br>	"<b style=""color:green;'>✅ B. El fosfatidilinositol.</b><br><br><i>Apariciones: 1 veces (2025)</i>"	Fermepin2025 Unica
<b>Dada la siguiente secuencia de un ácido nucleico, 5' TAGAG 3', podemos afirmar que:</b><br><br>A. Se trata de una hebra de ADN.<br>B. Se trata de una molécula monocatenaria.<br>C. Contiene 2 bases púricas y 3 pirimidínicas.<br>D. Su hebra complementaria es 5' CGAGA 3'.<br>	"<b style=""color:green;'>✅ A. Se trata de una hebra de ADN.</b><br><br><i>Apariciones: 1 veces (2025)</i>"	Fermepin2025 Unica
<b>La organización de la materia en complejidad CRECIENTE es:</b><br><br>A. Cesio - cloruro de sodio – pingüino – lengua – comunidad.<br>B. Oro - electrón - páncreas - individuo - población.<br>C. Monóxido de carbono - hígado - jauría - gato - biósfera.<br>D. Argón – estómago - sistema digestivo - hombre – ecosistema.<br>	"<b style=""color:green;'>✅ D. Argón – estómago - sistema digestivo - hombre – ecosistema.</b><br><br><i>Apariciones: 1 veces (2025)</i>"	Fermepin2025 Unica
<b>El colágeno presente en la matriz extracelular:</b><br><br>A. Es la proteína que forma parte de los componentes fluidos.<br>B. Es la proteína fibrosa más abundante de la misma.<br>C. Es la proteína adhesiva de la misma.<br>D. Es la proteína que forma fibras que se asocian a los glicosaminoglicanos de la matriz.<br>	"<b style=""color:green;'>✅ B. Es la proteína fibrosa más abundante de la misma.</b><br><br><i>Apariciones: 1 veces (2025)</i>"	Fermepin2025 Unica
<b>De acuerdo a la estructura de los monómeros de las proteínas, se afirma que:</b><br><br>A. Están compuestos por una pentosa, una base nitrogenada y un ácido fosfórico.<br>B. Se pueden clasificar en triosas, tetrosas, pentosas y hexosas.<br>C. Las cadenas laterales determinan las características químicas específicas de cada uno.<br>D. Presentan un esqueleto básico formado por un carbono central, pero carecen de grupos funcionales específicos.<br>	"<b style=""color:green;'>✅ C. Las cadenas laterales determinan las características químicas específicas de cada uno.</b><br><br><i>Apariciones: 1 veces (2025)</i>"	Fermepin2025 Unica
<b>En relación a las diferencias entre células procariotas y eucariotas, podemos decir que:</b><br><br>A. Las células procariotas son pluricelulares mientras que las células eucariotas son unicelulares.<br>B. Las células eucariotas poseen un núcleo rodeado por una membrana, mientras que las procariotas carecen de él.<br>C. Las células procariotas tienen mitocondrias y las eucariotas carecen de estas organelas.<br>D. Las células eucariotas poseen ribosomas 70S mientras que las procariotas, 80S.<br>	"<b style=""color:green;'>✅ B. Las células eucariotas poseen un núcleo rodeado por una membrana, mientras que las procariotas carecen de él.</b><br><br><i>Apariciones: 1 veces (2025)</i>"	Fermepin2025 Unica
<b>El fosfolípido que se localiza en la cara externa de la membrana plasmática es el/la:</b><br><br>A. Glucolípido.<br>B. Colesterol.<br>C. Fosfatidilcolina.<br>D. Fosfatidilinositol.<br>	"<b style=""color:green;'>✅ C. Fosfatidilcolina.</b><br><br><i>Apariciones: 1 veces (2025)</i>"	Fermepin2025 Unica
<b>Giardia lamblia es un protozoo, por lo tanto, pertenece al reino:</b><br><br>A. Fungi.<br>B. Protista.<br>C. Monera.<br>D. Plantae.<br>	"<b style=""color:green;'>✅ B. Protista.</b><br><br><i>Apariciones: 1 veces (2025)</i>"	Fermepin2025 Unica
<b>La unión peptídica se forma entre los grupos:</b><br><br>A. $$NH_2$ de un aminoácido y el COOH del aminoácido siguiente.<br>B. $$NH_2$ de un aminoácido y el residuo lateral del aminoácido siguiente.<br>C. $$NH_2$ de un aminoácido y el $H_3PO_4$ del aminoácido siguiente.<br>D. $$NH_2$ de un aminoácido y el $NH_2$ del aminoácido siguiente.<br>	"<b style=""color:green;'>✅ A. $$NH_2$ de un aminoácido y el COOH del aminoácido siguiente.</b><br><br><i>Apariciones: 1 veces (2025)</i>"	Fermepin2025 Unica
<b>Las bacterias Gram negativas se distinguen porque:</b><br><br>A. Poseen un mayor contenido de peptidoglicano en su pared celular.<br>B. Quedan teñidas de color rosa con la tinción Gram.<br>C. Carecen de membrana externa.<br>D. Su observación requiere un microscopio electrónico.<br>	"<b style=""color:green;'>✅ B. Quedan teñidas de color rosa con la tinción Gram.</b><br><br><i>Apariciones: 1 veces (2025)</i>"	Fermepin2025 Unica
<b>En biología celular, el fraccionamiento celular y subcelular se utiliza con el objeto de:</b><br><br>A. Observar directamente la organización tridimensional de la célula al microscopio electrónico.<br>B. Separar componentes celulares en partes enriquecidas según su tamaño y densidad.<br>C. Romper selectivamente la membrana nuclear sin afectar otras membranas.<br>D. Eliminar el citoplasma y dejar solo la membrana plasmática.<br>	"<b style=""color:green;'>✅ B. Separar componentes celulares en partes enriquecidas según su tamaño y densidad.</b><br><br><i>Apariciones: 1 veces (2025)</i>"	Fermepin2025 Unica
<b>Los lisosomas carecen de:</b><br><br>A. Hidrolasas ácidas.<br>B. Proteínas con residuos de manosa 6-P.<br>C. Ribosomas internos intraluminales.<br>D. Bombas protónicas en sus membranas.<br>	"<b style=""color:green;'>✅ C. Ribosomas internos intraluminales.</b><br><br><i>Apariciones: 1 veces (2025)</i>"	Fermepin2025 Unica
<b>Sobre la membrana plasmática podemos afirmar que:</b><br><br>A. Su fluidez se debe a que permite el pasaje de sustancias hidrofóbicas.<br>B. Su polaridad se debe a la presencia de hidratos de carbono en su monocapa externa.<br>C. Su permeabilidad selectiva se debe a que regula el pasaje de moléculas.<br>D. Su asimetría se debe a la presencia de colesterol.<br>	"<b style=""color:green;'>✅ C. Su permeabilidad selectiva se debe a que regula el pasaje de moléculas.</b><br><br><i>Apariciones: 1 veces (2025)</i>"	Fermepin2025 Unica
<b>Las unidades funcionales llamadas dictiosomas corresponden a:</b><br><br>A. Los cloroplastos.<br>B. El retículo endoplasmático liso.<br>C. Los endosomas.<br>D. El complejo de Golgi.<br>	"<b style=""color:green;'>✅ D. El complejo de Golgi.</b><br><br><i>Apariciones: 1 veces (2025)</i>"	Fermepin2025 Unica
<b>Una característica de las cadherinas es que:</b><br><br>A. Se encuentran en uniones adherentes.<br>B. Forman parte de los hemidesmosomas.<br>C. Están formadas por glucosaminoglicanos.<br>D. Son proteínas presentes en las uniones oclusivas.<br>	"<b style=""color:green;'>✅ A. Se encuentran en uniones adherentes.</b><br><br><i>Apariciones: 1 veces (2025)</i>"	Fermepin2025 Unica
<b>En comparación con los microtúbulos, los filamentos intermedios:</b><br><br>A. Presentan un ensamblado dependiente de GTP.<br>B. Son más estables y resistentes a la tensión mecánica.<br>C. Se asocian con centros organizadores como el centriolo, a partir del cual nuclean su polimerización.<br>D. Poseen polaridad estructural.<br>	"<b style=""color:green;'>✅ B. Son más estables y resistentes a la tensión mecánica.</b><br><br><i>Apariciones: 1 veces (2025)</i>"	Fermepin2025 Unica
<b>Una función del RER es participar en:</b><br><br>A. La degradación del glucógeno.<br>B. La glicosilación proteica.<br>C. La formación de esteroides.<br>D. La oxidación de sustancias celulares nocivas.<br>	"<b style=""color:green;'>✅ B. La glicosilación proteica.</b><br><br><i>Apariciones: 1 veces (2025)</i>"	Fermepin2025 Unica
<b>El retículo endoplasmático liso se diferencia del rugoso, debido a que el primero:</b><br><br>A. Carece de ribosomas.<br>B. Se encuentra conectado al complejo de Golgi.<br>C. Está íntimamente vinculado a la envoltura nuclear.<br>D. Está formado por una luz indivisa.<br>	"<b style=""color:green;'>✅ A. Carece de ribosomas.</b><br><br><i>Apariciones: 1 veces (2025)</i>"	Fermepin2025 Unica
<b>Una función principal de los filamentos intermedios es:</b><br><br>A. Separar los cromosomas durante la mitosis.<br>B. Permitir generar las protuberancias en la superficie celular como las microvellosidades.<br>C. Posibilitar la migración celular.<br>D. Conferir resistencia mecánica a las células y generar un armazón en el cual las células puedan desarrollar sus funciones.<br>	"<b style=""color:green;'>✅ D. Conferir resistencia mecánica a las células y generar un armazón en el cual las células puedan desarrollar sus funciones.</b><br><br><i>Apariciones: 1 veces (2025)</i>"	Fermepin2025 Unica
<b>Los microtúbulos son estructuras polares porque:</b><br><br>A. Un extremo está formado por tubulina α y el otro por tubulina β.<br>B. Tienen cargas eléctricas opuestas en sus extremos.<br>C. Poseen extremos (+) y (-) con distinta dinámica de polimerización.<br>D. Se unen a ATP en uno de sus extremos.<br>	"<b style=""color:green;'>✅ C. Poseen extremos (+) y (-) con distinta dinámica de polimerización.</b><br><br><i>Apariciones: 1 veces (2025)</i>"	Fermepin2025 Unica
<b>En la bicapa lipídica, el movimiento que requiere de enzimas es:</b><br><br>A. La rotación de los lípidos sobre su eje.<br>B. El flip-flop, que permite el paso de fosfolípidos entre ambas monocapas.<br>C. La difusión lateral dentro de una misma monocapa.<br>D. El desplazamiento de proteínas periféricas entre monocapas.<br>	"<b style=""color:green;'>✅ B. El flip-flop, que permite el paso de fosfolípidos entre ambas monocapas.</b><br><br><i>Apariciones: 1 veces (2025)</i>"	Fermepin2025 Unica
<b>Los lisosomas poseen en su interior:</b><br><br>A. Ribosomas.<br>B. Bombas protónicas.<br>C. Flipasas.<br>D. Hidrolasas ácidas.<br>	"<b style=""color:green;'>✅ D. Hidrolasas ácidas.</b><br><br><i>Apariciones: 1 veces (2025)</i>"	Fermepin2025 Unica
<b>Una diferencia entre el RER y el REL, es que el primero:</b><br><br>A. Posee una luz indivisa.<br>B. Se compone de sacos aplanados independientes.<br>C. Posee ribosomas.<br>D. Está conectado con el complejo de Golgi.<br>	"<b style=""color:green;'>✅ C. Posee ribosomas.</b><br><br><i>Apariciones: 1 veces (2025)</i>"	Fermepin2025 Unica
<b>Todos los seres vivos presentan como característica que:</b><br><br>A. Son heterótrofos.<br>B. Son pluricelulares.<br>C. Poseen núcleos definidos en sus células.<br>D. Realizan autopoyesis.<br>	"<b style=""color:green;'>✅ D. Realizan autopoyesis.</b><br><br><i>Apariciones: 1 veces (2025)</i>"	Fermepin2025 Unica
<b>Respecto a la bomba de $Na^{+}$/$K^{+}$ ATPasa, se puede afirmar que:</b><br><br>A. Funciona como un sistema de cotransporte.<br>B. Su actividad requiere la presencia de $Mg^{2+}$ para hidrolizar ATP.<br>C. Transporta sodio hacia el interior y potasio hacia el exterior de la célula.<br>D. Está constituida por dos subunidades proteicas.<br>	"<b style=""color:green;'>✅ B. Su actividad requiere la presencia de $Mg^{2+}$ para hidrolizar ATP.</b><br><br><i>Apariciones: 1 veces (2025)</i>"	Fermepin2025 Unica
<b>Es posible decir que los priones son:</b><br><br>A. Virus con cápside proteica y sin genoma.<br>B. Proteínas que, cuando se pliegan mal, inducen el cambio conformacional de otras proteínas normales de la misma clase.<br>C. Fragmentos de ADN circular que se replican en bacterias.<br>D. Polisacáridos que interfieren en la síntesis de proteínas.<br>	"<b style=""color:green;'>✅ B. Proteínas que, cuando se pliegan mal, inducen el cambio conformacional de otras proteínas normales de la misma clase.</b><br><br><i>Apariciones: 1 veces (2025)</i>"	Fermepin2025 Unica
<b>El RER participa, entre otras funciones, en:</b><br><br>A. El empaquetamiento del material genético celular.<br>B. La detoxificación de sustancias.<br>C. La glicosilación de proteínas.<br>D. El almacenamiento del $Ca^{2+}$ intracelular.<br>	"<b style=""color:green;'>✅ C. La glicosilación de proteínas.</b><br><br><i>Apariciones: 1 veces (2025)</i>"	Fermepin2025 Unica
<b>Los dictiosomas son las unidades funcionales de:</b><br><br>A. Los endosomas.<br>B. El retículo endoplasmático rugoso.<br>C. Los lisosomas.<br>D. El complejo de Golgi.<br>	"<b style=""color:green;'>✅ D. El complejo de Golgi.</b><br><br><i>Apariciones: 1 veces (2025)</i>"	Fermepin2025 Unica
<b>Un protozoo como Entamoeba histolytica, pertenece al:</b><br><br>A. Reino Fungi.<br>B. Reino Plantae.<br>C. Reino Protista.<br>D. Reino Monera.<br>	"<b style=""color:green;'>✅ C. Reino Protista.</b><br><br><i>Apariciones: 1 veces (2025)</i>"	Fermepin2025 Unica
<b>Sobre los monómeros de las proteínas se puede afirmar que:</b><br><br>A. Las cadenas laterales determinan las características químicas específicas de cada uno.<br>B. Están compuestos por una pentosa, una base nitrogenada y un ácido fosfórico.<br>C. Se pueden clasificar en triosas, tetrosas, pentosas y hexosas.<br>D. Presentan un esqueleto básico formado por un carbono central, pero carecen de grupos funcionales específicos.<br>	"<b style=""color:green;'>✅ A. Las cadenas laterales determinan las características químicas específicas de cada uno.</b><br><br><i>Apariciones: 1 veces (2025)</i>"	Fermepin2025 Unica
<b>Con respecto al ADN, puede afirmarse que:</b><br><br>A. Está formado por los mismos nucleótidos que el ARN.<br>B. Al igual que el ARN, es monocatenario.<br>C. Posee nucleótidos unidos por enlace de tipo amida.<br>D. Presenta un extremo 5' con un fosfato y un extremo 3' con un OH.<br>	"<b style=""color:green;'>✅ D. Presenta un extremo 5' con un fosfato y un extremo 3' con un OH.</b><br><br><i>Apariciones: 1 veces (2025)</i>"	Fermepin2025 Unica
<b>El fraccionamiento celular y subcelular se utiliza con el objeto de:</b><br><br>A. Eliminar el citoplasma y dejar la membrana plasmática.<br>B. Observar directamente la organización tridimensional de la célula al microscopio electrónico.<br>C. Romper selectivamente la membrana nuclear sin afectar otras membranas.<br>D. Separar componentes celulares en fracciones enriquecidas según su tamaño y densidad por ultracentrifugación diferencial.<br>	"<b style=""color:green;'>✅ D. Separar componentes celulares en fracciones enriquecidas según su tamaño y densidad por ultracentrifugación diferencial.</b><br><br><i>Apariciones: 1 veces (2025)</i>"	Fermepin2025 Unica
<b>La unión de aminoácidos para formar una proteína se produce entre los grupos:</b><br><br>A. $$NH_2$ de un aminoácido y el residuo lateral del aminoácido siguiente.<br>B. $$NH_2$ de un aminoácido y el $H_3PO_4$ del aminoácido siguiente.<br>C. $$NH_2$ de un aminoácido y el COOH del aminoácido siguiente.<br>D. $$NH_2$ de un aminoácido y el $NH_2$ del aminoácido siguiente.<br>	"<b style=""color:green;'>✅ C. $$NH_2$ de un aminoácido y el COOH del aminoácido siguiente.</b><br><br><i>Apariciones: 1 veces (2025)</i>"	Fermepin2025 Unica
<b>Podemos afirmar que las bacterias Gram negativas:</b><br><br>A. Poseen ácidos lipoteicoicos en su pared celular.<br>B. Poseen un mayor contenido de peptidoglicano en su pared celular.<br>C. Su observación requiere un microscopio electrónico.<br>D. Quedan teñidas de color rosa con la tinción Gram.<br>	"<b style=""color:green;'>✅ D. Quedan teñidas de color rosa con la tinción Gram.</b><br><br><i>Apariciones: 1 veces (2025)</i>"	Fermepin2025 Unica
<b>En la matriz extracelular, el colágeno es:</b><br><br>A. La proteína que forma parte de los componentes fluidos.<br>B. La proteína que forma fibras que se asocian a los glicosaminoglicanos de la matriz.<br>C. La proteína adhesiva de la misma.<br>D. La proteína fibrosa más abundante de la misma.<br>	"<b style=""color:green;'>✅ D. La proteína fibrosa más abundante de la misma.</b><br><br><i>Apariciones: 1 veces (2025)</i>"	Fermepin2025 Unica
<b>Los componentes proteicos de la matriz extracelular se denominan:</b><br><br>A. Cerebrósidos y gangliósidos.<br>B. Quitina y tubulina.<br>C. Glicosaminoglicanos.<br>D. Fibronectina y laminina.<br>	"<b style=""color:green;'>✅ D. Fibronectina y laminina.</b><br><br><i>Apariciones: 1 veces (2025)</i>"	Fermepin2025 Unica
<b>La formación de enlaces O-glicosídicos sucede entre:</b><br><br>A. Un ácido graso y un glicerol.<br>B. Dos lípidos.<br>C. Dos monosacáridos.<br>D. Una base nitrogenada y un azúcar.<br>	"<b style=""color:green;'>✅ C. Dos monosacáridos.</b><br><br><i>Apariciones: 1 veces (2025)</i>"	Fermepin2025 Unica
<b>El orden correcto de la clasificación taxonómica es:</b><br><br>A. Reino>Dominio>Filo>Clase>Familia>Orden>Género>Especie.<br>B. Dominio>Filo>Reino>Clase>Familia>Orden>Género>Especie.<br>C. Dominio>Reino>Filo>Clase>Orden>Familia>Género>Especie.<br>D. Clase>Filo>Orden>Dominio>Familia>Reino>Especie>Género.<br>	"<b style=""color:green;'>✅ C. Dominio>Reino>Filo>Clase>Orden>Familia>Género>Especie.</b><br><br><i>Apariciones: 1 veces (2025)</i>"	Fermepin2025 Unica
<b>Una molécula de ADN doble cadena que tiene 100 nucleótidos en total. Si 20 de ellos son adeninas, entonces tiene:</b><br><br>A. 20 citosinas.<br>B. 30 citosinas.<br>C. 40 citosinas.<br>D. 60 citosinas.<br>	"<b style=""color:green;'>✅ B. 30 citosinas.</b><br><br><i>Apariciones: 1 veces (2025)</i>"	Fermepin2025 Unica
<b>Un bacteriófago se diferencia de un retrovirus en que:</b><br><br>A. El bacteriófago posee una envoltura lipídica derivada de la célula hospedadora y el retrovirus es un virus desnudo.<br>B. El bacteriófago infecta bacterias y los retrovirus no lo hacen.<br>C. El bacteriófago puede replicarse de manera autónoma y el retrovirus, no.<br>D. El bacteriófago posee ARN mientras que el retrovirus, ADN.<br>	"<b style=""color:green;'>✅ B. El bacteriófago infecta bacterias y los retrovirus no lo hacen.</b><br><br><i>Apariciones: 1 veces (2025)</i>"	Fermepin2025 Unica
<b>La ósmosis es:</b><br><br>A. Un transporte dependiente de la concentración de solutos a ambos lados de una membrana semipermeable.<br>B. Un subtipo de transporte en masa.<br>C. Un transporte dependiente de proteínas enzimáticas.<br>D. Un transporte directamente dependiente de ATP.<br>	"<b style=""color:green;'>✅ A. Un transporte dependiente de la concentración de solutos a ambos lados de una membrana semipermeable.</b><br><br><i>Apariciones: 1 veces (2025)</i>"	Fermepin2025 Unica
<b>Una proteína fibrosa se distingue de una proteína globular porque:</b><br><br>A. La primera se localiza en el interior de la célula.<br>B. La primera es un componente estructural de la célula.<br>C. La primera tiene mayor solubilidad en medios acuosos.<br>D. La primera posee una estructura secundaria, mezcla de hélices alfa y láminas beta.<br>	"<b style=""color:green;'>✅ B. La primera es un componente estructural de la célula.</b><br><br><i>Apariciones: 1 veces (2025)</i>"	Fermepin2025 Unica
<b>En humanos, la vejiga, los riñones y los demás elementos que permiten la eliminación de orina conjuntamente corresponden al:</b><br><br>A. Nivel sistema de órganos.<br>B. Nivel celular.<br>C. Nivel tisular.<br>D. Nivel órganos.<br>	"<b style=""color:green;'>✅ A. Nivel sistema de órganos.</b><br><br><i>Apariciones: 1 veces (2025)</i>"	Fermepin2025 Unica
<b>Sobre las características de los diferentes tipos de lípidos, se puede decir que:</b><br><br>A. Los fosfolípidos son moléculas anfipáticas.<br>B. Las ceramidas son insaponificables.<br>C. Los triglicéridos forman parte de la membrana plasmática.<br>D. El colesterol y sus derivados dan lugar a las hormonas hidrofílicas.<br>	"<b style=""color:green;'>✅ A. Los fosfolípidos son moléculas anfipáticas.</b><br><br><i>Apariciones: 1 veces (2025)</i>"	Fermepin2025 Unica
<b>La estructura primaria de una proteína está dada por:</b><br><br>A. El establecimiento de modificaciones postraduccionales en una proteína.<br>B. La secuencia lineal de aminoácidos en la cadena polipeptídica.<br>C. La interacción de múltiples cadenas polipeptídicas para formar una estructura funcional.<br>D. La conformación tridimensional específica adoptada por una proteína.<br>	"<b style=""color:green;'>✅ B. La secuencia lineal de aminoácidos en la cadena polipeptídica.</b><br><br><i>Apariciones: 1 veces (2025)</i>"	Fermepin2025 Unica
<b>De los siguientes componentes de la célula eucariota, es parte del citoplasma pero no del citosol:</b><br><br>A. El núcleo.<br>B. La membrana plasmática.<br>C. Los proteosomas.<br>D. El aparato de Golgi.<br>	"<b style=""color:green;'>✅ D. El aparato de Golgi.</b><br><br><i>Apariciones: 1 veces (2025)</i>"	Fermepin2025 Unica
<b>En microscopía, el límite de resolución se refiere a:</b><br><br>A. La distancia mínima entre dos puntos que aún pueden distinguirse como separados.<br>B. Cuántas veces puede ampliarse el tamaño aparente de una muestra.<br>C. La intensidad de luz empleada para iluminar la muestra.<br>D. El grosor mínimo de una muestra que puede observarse sin tinción.<br>	"<b style=""color:green;'>✅ A. La distancia mínima entre dos puntos que aún pueden distinguirse como separados.</b><br><br><i>Apariciones: 1 veces (2025)</i>"	Fermepin2025 Unica
<b>Los canales iónicos se caracterizan por:</b><br><br>A. Cambiar su estado de apertura en función del gradiente de concentración extracelular.<br>B. Requerir hidrólisis de ATP para permitir el flujo de iones.<br>C. Estar abiertos en condiciones fisiológicas sin necesidad de señales.<br>D. Presentar mecanismos de apertura y cierre que pueden activarse por voltaje.<br>	"<b style=""color:green;'>✅ D. Presentar mecanismos de apertura y cierre que pueden activarse por voltaje.</b><br><br><i>Apariciones: 1 veces (2025)</i>"	Fermepin2025 Unica
<b>La fluidez de la membrana celular aumenta cuando ésta tiene:</b><br><br>A. Mayor proporción de ácidos grasos insaturados.<br>B. Mayor cantidad de colesterol.<br>C. Menor proporción de ácidos grasos cortos en los fosfolípidos.<br>D. Mayor proporción de esfingolípidos.<br>	"<b style=""color:green;'>✅ A. Mayor proporción de ácidos grasos insaturados.</b><br><br><i>Apariciones: 1 veces (2025)</i>"	Fermepin2025 Unica
<b>En relación a los filamentos de tubulina del citoplasma, se puede afirmar que:</b><br><br>A. Intervienen en el crecimiento del axón neuronal.<br>B. Utilizan miosina II para transportar organelas.<br>C. Se ensamblan gracias a un complejo proteico ubicado en el nucleosoma.<br>D. Adoptan la disposición 9 + 2 típica de los flagelos.<br>	"<b style=""color:green;'>✅ A. Intervienen en el crecimiento del axón neuronal.</b><br><br><i>Apariciones: 1 veces (2025)</i>"	Fermepin2025 Unica
<b>La organela encargada de la glicosilación lipídica es:</b><br><br>A. El complejo de Golgi.<br>B. El REL.<br>C. El peroxisoma.<br>D. El endosoma temprano.<br>	"<b style=""color:green;'>✅ A. El complejo de Golgi.</b><br><br><i>Apariciones: 1 veces (2025)</i>"	Fermepin2025 Unica
<b>En células musculares, la desmina es un filamento intermedio que:</b><br><br>A. Vincula miofibrillas entre sí y con la membrana.<br>B. Forma el huso mitótico.<br>C. Transporta vesículas hacia la membrana.<br>D. Experimenta una polimerización y despolimerización rápida.<br>	"<b style=""color:green;'>✅ A. Vincula miofibrillas entre sí y con la membrana.</b><br><br><i>Apariciones: 1 veces (2025)</i>"	Fermepin2025 Unica
<b>La activación de las enzimas lisosómicas se efectúa:</b><br><br>A. A un valor de pH de 6.<br>B. A un valor de pH de 7.<br>C. A un valor de pH de 8,6.<br>D. A un valor de pH de 5.<br>	"<b style=""color:green;'>✅ D. A un valor de pH de 5.</b><br><br><i>Apariciones: 1 veces (2025)</i>"	Fermepin2025 Unica
<b>Los microfilamentos que forman parte del citoesqueleto celular:</b><br><br>A. Carecen de inestabilidad dinámica.<br>B. Poseen actina.<br>C. Se asocian con la queratina para la contracción muscular.<br>D. Son estructuras proteicas que forman haces de 20 nm de diámetro.<br>	"<b style=""color:green;'>✅ B. Poseen actina.</b><br><br><i>Apariciones: 1 veces (2025)</i>"	Fermepin2025 Unica
<b>Se puede afirmar respecto del principal depósito de calcio de la célula que:</b><br><br>A. Corresponde a una organela encargada, además, de la síntesis de proteínas.<br>B. Es una organela que posee una doble membrana.<br>C. Se encuentra en el sistema de endomembranas.<br>D. Es, además, el sitio primario de producción de energía de la célula.<br>	"<b style=""color:green;'>✅ C. Se encuentra en el sistema de endomembranas.</b><br><br><i>Apariciones: 1 veces (2025)</i>"	Fermepin2025 Unica
<b>Una mayor fluidez en la membrana plasmática se observa cuando:</b><br><br>A. Disminuye la proporción de colesterol en la bicapa.<br>B. Aumenta la proporción de esfingolípidos.<br>C. Se incorporan más ácidos grasos de cadena larga.<br>D. Disminuye la cantidad de ácidos grasos insaturados.<br>	"<b style=""color:green;'>✅ A. Disminuye la proporción de colesterol en la bicapa.</b><br><br><i>Apariciones: 1 veces (2025)</i>"	Fermepin2025 Unica
<b>Con respecto a los canales iónicos, se puede afirmar que:</b><br><br>A. Se abren cuando se modifica el potencial de membrana.<br>B. Son insaturables.<br>C. Cambian su estado conformacional cuando se iguala la concentración de iones a ambos lados de la membrana.<br>D. Requieren del gasto de energía para permitir el flujo de iones.<br>	"<b style=""color:green;'>✅ A. Se abren cuando se modifica el potencial de membrana.</b><br><br><i>Apariciones: 1 veces (2025)</i>"	Fermepin2025 Unica
<b>La ósmosis consiste en ser:</b><br><br>A. Un transporte mediado por proteínas con actividad enzimática.<br>B. Un subtipo de transporte mediado por vesículas.<br>C. Un transporte pasivo impulsado por diferencias en la concentración de solutos.<br>D. Un proceso activo que utiliza ATP como fuente de energía.<br>	"<b style=""color:green;'>✅ C. Un transporte pasivo impulsado por diferencias en la concentración de solutos.</b><br><br><i>Apariciones: 1 veces (2025)</i>"	Fermepin2025 Unica
<b>La respuesta negativa de *Pseudomonas aeruginosa* a la tinción de Gram se debe a:</b><br><br>A. La presencia de una pared celular con escaso peptidoglicano y una membrana externa.<br>B. Las propiedades del protoplasma y la carencia de inclusiones lipídicas.<br>C. La presencia de cápsula.<br>D. La carencia de lipopolisacárido en la membrana.<br>	"<b style=""color:green;'>✅ A. La presencia de una pared celular con escaso peptidoglicano y una membrana externa.</b><br><br><i>Apariciones: 1 veces (2025)</i>"	Fermepin2025 Unica
<b>El principal depósito de calcio de la célula es una organela que:</b><br><br>A. Sintetiza activamente proteínas.<br>B. Recibe el nombre de retículo sarcoplasmático en células musculares.<br>C. Posee una doble membrana.<br>D. Contiene ADN propio.<br>	"<b style=""color:green;'>✅ B. Recibe el nombre de retículo sarcoplasmático en células musculares.</b><br><br><i>Apariciones: 1 veces (2025)</i>"	Fermepin2025 Unica
<b>Un microscopio electrónico de transmisión (MET) tiene mayor resolución que el microscopio óptico porque:</b><br><br>A. Se basa en la interacción de la radiación visible con la muestra.<br>B. Emplea lentes de vidrio con gran poder de refracción.<br>C. Permite analizar células vivas en condiciones fisiológicas.<br>D. Utiliza un haz de electrones para obtener imágenes.<br>	"<b style=""color:green;'>✅ D. Utiliza un haz de electrones para obtener imágenes.</b><br><br><i>Apariciones: 1 veces (2025)</i>"	Fermepin2025 Unica
<b>Una proteína globular se diferencia de una proteína fibrosa por su:</b><br><br>A. Localización en el interior de la célula.<br>B. Capacidad para ser un componente estructural.<br>C. Mayor solubilidad en medios acuosos.<br>D. Estructura secundaria de hélices alfa.<br>	"<b style=""color:green;'>✅ C. Mayor solubilidad en medios acuosos.</b><br><br><i>Apariciones: 1 veces (2025)</i>"	Fermepin2025 Unica
<b>La actina G se asemeja a la alfa tubulina en que:</b><br><br>A. Son proteínas globulares con capacidad de polimerizar.<br>B. Forman trímeros que se nuclean para formar los microfilamentos.<br>C. Están integradas por una sucesión de secuencias de siete aminoácidos cada una.<br>D. Se combinan con otra subunidad proteica formando un heterodímero.<br>	"<b style=""color:green;'>✅ A. Son proteínas globulares con capacidad de polimerizar.</b><br><br><i>Apariciones: 1 veces (2025)</i>"	Fermepin2025 Unica
<b>Afirmamos que los microfilamentos que forman parte del citoesqueleto celular:</b><br><br>A. Poseen actina.<br>B. Carecen de inestabilidad dinámica.<br>C. Son estructuras proteicas que forman haces de 20 nm de diámetro.<br>D. Se asocian con la queratina para la contracción muscular.<br>	"<b style=""color:green;'>✅ A. Poseen actina.</b><br><br><i>Apariciones: 1 veces (2025)</i>"	Fermepin2025 Unica
<b>Una célula especializada en la contracción muscular presentará:</b><br><br>A. Abundantes mitocondrias y un retículo sarcoplasmático desarrollado.<br>B. Lisosomas y endosomas en mayor proporción.<br>C. La síntesis proteica aumentada.<br>D. Un aparato de Golgi desarrollado y abundantes lisosomas.<br>	"<b style=""color:green;'>✅ A. Abundantes mitocondrias y un retículo sarcoplasmático desarrollado.</b><br><br><i>Apariciones: 1 veces (2025)</i>"	Fermepin2025 Unica
<b>En la composición del sistema de endomembranas encontramos entre sus componentes:</b><br><br>A. La cara citosólica de la membrana plasmática.<br>B. Los endosomas.<br>C. Los cloroplastos.<br>D. Las mitocondrias.<br>	"<b style=""color:green;'>✅ B. Los endosomas.</b><br><br><i>Apariciones: 1 veces (2025)</i>"	Fermepin2025 Unica
<b>Las enzimas lisosómicas son óptimas a un valor de pH de:</b><br><br>A. 7,2.<br>B. 10,5.<br>C. 5.<br>D. 6.<br>	"<b style=""color:green;'>✅ C. 5.</b><br><br><i>Apariciones: 1 veces (2025)</i>"	Fermepin2025 Unica
<b>La glicosilación de los lípidos de las membranas se produce:</b><br><br>A. En el RER.<br>B. En los endosomas tardíos.<br>C. En el complejo de Golgi.<br>D. En los lisosomas.<br>	"<b style=""color:green;'>✅ C. En el complejo de Golgi.</b><br><br><i>Apariciones: 1 veces (2025)</i>"	Fermepin2025 Unica
<b>Los enlaces O-glicosídicos se forman entre:</b><br><br>A. Dos lípidos.<br>B. Un ácido nucleico y un azúcar.<br>C. Dos aminoácidos, en alfa o beta.<br>D. Dos monosacáridos.<br>	"<b style=""color:green;'>✅ D. Dos monosacáridos.</b><br><br><i>Apariciones: 1 veces (2025)</i>"	Fermepin2025 Unica
<b>El riñón, la vejiga y los demás elementos que permiten la excreción de orina en un organismo pertenecen en conjunto al nivel:</b><br><br>A. Celular.<br>B. Tisular.<br>C. Órganos.<br>D. Sistema de órganos.<br>	"<b style=""color:green;'>✅ D. Sistema de órganos.</b><br><br><i>Apariciones: 1 veces (2025)</i>"	Fermepin2025 Unica
<b>La clasificación en orden jerárquico de un organismo, se produce desde:</b><br><br>A. El Orden>Reino>Dominio>Clase>Familia>Filo>Género>Especie.<br>B. El Dominio>Reino>Filo>Clase>Orden>Familia>Género>Especie.<br>C. El Filo>Reino>Dominio>Familia>Orden>Clase>Género>Especie.<br>D. El Reino>Familia>Filo>Dominio>Clase>Orden>Género>Especie.<br>	"<b style=""color:green;'>✅ B. El Dominio>Reino>Filo>Clase>Orden>Familia>Género>Especie.</b><br><br><i>Apariciones: 1 veces (2025)</i>"	Fermepin2025 Unica
<b>Las proteínas que componen la matriz extracelular son:</b><br><br>A. Fibronectina y laminina.<br>B. Glicosaminoglicanos.<br>C. Cerebrósidos y gangliósidos.<br>D. Quitina y tubulina.<br>	"<b style=""color:green;'>✅ A. Fibronectina y laminina.</b><br><br><i>Apariciones: 1 veces (2025)</i>"	Fermepin2025 Unica
<b>En relación con la estructura terciaria de una proteína se puede afirmar que está determinada por:</b><br><br>A. La interacción de múltiples cadenas polipeptídicas para formar una estructura funcional.<br>B. La conformación tridimensional específica adoptada por una proteína.<br>C. La presencia de modificaciones postraduccionales en una proteína.<br>D. La secuencia lineal de aminoácidos en la cadena polipeptídica.<br>	"<b style=""color:green;'>✅ B. La conformación tridimensional específica adoptada por una proteína.</b><br><br><i>Apariciones: 1 veces (2025)</i>"	Fermepin2025 Unica
<b>Una molécula de ADN doble cadena tiene 100 nucleótidos en total. Si 40 de ellos son guaninas, entonces tiene:</b><br><br>A. 40 timinas.<br>B. 30 timinas.<br>C. 20 timinas.<br>D. 10 timinas.<br>	"<b style=""color:green;'>✅ D. 10 timinas.</b><br><br><i>Apariciones: 1 veces (2025)</i>"	Fermepin2025 Unica
<b>En cuanto a los distintos tipos de lípidos, podemos afirmar que:</b><br><br>A. Los triglicéridos forman parte de la membrana plasmática.<br>B. El colesterol y sus derivados dan lugar a las hormonas hidrofóbicas.<br>C. Las ceramidas son insaponificables.<br>D. Los fosfolípidos están formados por tres ácidos grasos unidos con glicerol.<br>	"<b style=""color:green;'>✅ B. El colesterol y sus derivados dan lugar a las hormonas hidrofóbicas.</b><br><br><i>Apariciones: 1 veces (2025)</i>"	Fermepin2025 Unica
